,ï»¿Track,Position,No,Driver,Team,Starting Grid,Laps,Time/Retired,Points,Year
0,Australia,1,5,Sebastian Vettel,Ferrari,3.0,58,29:33.3,25.0,2018
1,Australia,2,44,Lewis Hamilton,Mercedes,1.0,58,5.036,18.0,2018
2,Australia,3,7,Kimi RaikkAAPnen,Ferrari,2.0,58,6.309,15.0,2018
3,Australia,4,3,Daniel Ricciardo,Red Bull Racing Tag Heuer,8.0,58,7.069,12.0,2018
4,Australia,5,14,Fernando Alonso,McLaren Renault,10.0,58,27.886,10.0,2018
5,Australia,6,33,Max Verstappen,Red Bull Racing Tag Heuer,4.0,58,28.945,8.0,2018
6,Australia,7,27,Nico Hulkenberg,Alpine,7.0,58,32.671,6.0,2018
7,Australia,8,77,Valtteri Bottas,Mercedes,15.0,58,34.339,4.0,2018
8,Australia,9,2,Stoffel Vandoorne,McLaren Renault,11.0,58,34.921,2.0,2018
9,Australia,10,55,Carlos Sainz,Alpine,9.0,58,45.722,1.0,2018
20,Bahrain,1,5,Sebastian Vettel,Ferrari,1.0,57,32:01.9,25.0,2018
21,Bahrain,2,77,Valtteri Bottas,Mercedes,3.0,57,0.699,18.0,2018
22,Bahrain,3,44,Lewis Hamilton,Mercedes,9.0,57,6.512,15.0,2018
23,Bahrain,4,10,Pierre Gasly,AlphaTauri Honda,5.0,57,62.234,12.0,2018
24,Bahrain,5,20,Kevin Magnussen,Haas Ferrari,6.0,57,75.046,10.0,2018
25,Bahrain,6,27,Nico Hulkenberg,Alpine,7.0,57,99.024,8.0,2018
26,Bahrain,7,14,Fernando Alonso,McLaren Renault,13.0,56,+1 lap,6.0,2018
27,Bahrain,8,2,Stoffel Vandoorne,McLaren Renault,14.0,56,+1 lap,4.0,2018
28,Bahrain,9,9,Marcus Ericsson,Alfa Romeo Racing Ferrari,17.0,56,+1 lap,2.0,2018
29,Bahrain,10,31,Esteban Ocon,Aston Martin,8.0,56,+1 lap,1.0,2018
40,China,1,3,Daniel Ricciardo,Red Bull Racing Tag Heuer,6.0,56,35:36.4,25.0,2018
41,China,2,77,Valtteri Bottas,Mercedes,3.0,56,8.894,18.0,2018
42,China,3,7,Kimi RaikkAAPnen,Ferrari,2.0,56,9.637,15.0,2018
43,China,4,44,Lewis Hamilton,Mercedes,4.0,56,16.985,12.0,2018
44,China,5,33,Max Verstappen,Red Bull Racing Tag Heuer,5.0,56,20.436,10.0,2018
45,China,6,27,Nico Hulkenberg,Alpine,7.0,56,21.052,8.0,2018
46,China,7,14,Fernando Alonso,McLaren Renault,13.0,56,30.639,6.0,2018
47,China,8,5,Sebastian Vettel,Ferrari,1.0,56,35.286,4.0,2018
48,China,9,55,Carlos Sainz,Alpine,9.0,56,35.763,2.0,2018
49,China,10,20,Kevin Magnussen,Haas Ferrari,11.0,56,39.594,1.0,2018
60,Azerbaijan,1,44,Lewis Hamilton,Mercedes,2.0,51,43:44.3,25.0,2018
61,Azerbaijan,2,7,Kimi RaikkAAPnen,Ferrari,6.0,51,2.46,18.0,2018
62,Azerbaijan,3,11,Sergio Perez,Aston Martin,8.0,51,4.024,15.0,2018
63,Azerbaijan,4,5,Sebastian Vettel,Ferrari,1.0,51,5.329,12.0,2018
64,Azerbaijan,5,55,Carlos Sainz,Alpine,9.0,51,7.515,10.0,2018
65,Azerbaijan,6,16,Charles Leclerc,Alfa Romeo Racing Ferrari,13.0,51,9.158,8.0,2018
66,Azerbaijan,7,14,Fernando Alonso,McLaren Renault,12.0,51,10.931,6.0,2018
67,Azerbaijan,8,18,Lance Stroll,Williams Mercedes,10.0,51,12.546,4.0,2018
68,Azerbaijan,9,2,Stoffel Vandoorne,McLaren Renault,16.0,51,14.152,2.0,2018
69,Azerbaijan,10,28,Brendon Hartley,AlphaTauri Honda,19.0,51,18.03,1.0,2018
80,Spain,1,44,Lewis Hamilton,Mercedes,1.0,66,35:30.0,25.0,2018
81,Spain,2,77,Valtteri Bottas,Mercedes,2.0,66,20.593,18.0,2018
82,Spain,3,33,Max Verstappen,Red Bull Racing Tag Heuer,5.0,66,26.873,15.0,2018
83,Spain,4,5,Sebastian Vettel,Ferrari,3.0,66,27.584,12.0,2018
84,Spain,5,3,Daniel Ricciardo,Red Bull Racing Tag Heuer,6.0,66,50.058,10.0,2018
85,Spain,6,20,Kevin Magnussen,Haas Ferrari,7.0,65,+1 lap,8.0,2018
86,Spain,7,55,Carlos Sainz,Alpine,9.0,65,+1 lap,6.0,2018
87,Spain,8,14,Fernando Alonso,McLaren Renault,8.0,65,+1 lap,4.0,2018
88,Spain,9,11,Sergio Perez,Aston Martin,15.0,64,+2 laps,2.0,2018
89,Spain,10,16,Charles Leclerc,Alfa Romeo Racing Ferrari,14.0,64,+2 laps,1.0,2018
100,Monaco,1,3,Daniel Ricciardo,Red Bull Racing Tag Heuer,1.0,78,42:54.8,25.0,2018
101,Monaco,2,5,Sebastian Vettel,Ferrari,2.0,78,7.336,18.0,2018
102,Monaco,3,44,Lewis Hamilton,Mercedes,3.0,78,17.013,15.0,2018
103,Monaco,4,7,Kimi RaikkAAPnen,Ferrari,4.0,78,18.127,12.0,2018
104,Monaco,5,77,Valtteri Bottas,Mercedes,5.0,78,18.822,10.0,2018
105,Monaco,6,31,Esteban Ocon,Aston Martin,6.0,78,23.667,8.0,2018
106,Monaco,7,10,Pierre Gasly,AlphaTauri Honda,10.0,78,24.331,6.0,2018
107,Monaco,8,27,Nico Hulkenberg,Alpine,11.0,78,24.839,4.0,2018
108,Monaco,9,33,Max Verstappen,Red Bull Racing Tag Heuer,20.0,78,25.317,2.0,2018
109,Monaco,10,55,Carlos Sainz,Alpine,8.0,78,69.013,1.0,2018
120,Canada,1,5,Sebastian Vettel,Ferrari,1.0,68,28:31.4,25.0,2018
121,Canada,2,77,Valtteri Bottas,Mercedes,2.0,68,7.376,18.0,2018
122,Canada,3,33,Max Verstappen,Red Bull Racing Tag Heuer,3.0,68,8.36,15.0,2018
123,Canada,4,3,Daniel Ricciardo,Red Bull Racing Tag Heuer,6.0,68,20.892,12.0,2018
124,Canada,5,44,Lewis Hamilton,Mercedes,4.0,68,21.559,10.0,2018
125,Canada,6,7,Kimi RaikkAAPnen,Ferrari,5.0,68,27.184,8.0,2018
126,Canada,7,27,Nico Hulkenberg,Alpine,7.0,67,+1 lap,6.0,2018
127,Canada,8,55,Carlos Sainz,Alpine,9.0,67,+1 lap,4.0,2018
128,Canada,9,31,Esteban Ocon,Aston Martin,8.0,67,+1 lap,2.0,2018
129,Canada,10,16,Charles Leclerc,Alfa Romeo Racing Ferrari,13.0,67,+1 lap,1.0,2018
140,France,1,44,Lewis Hamilton,Mercedes,1.0,53,30:11.4,25.0,2018
141,France,2,33,Max Verstappen,Red Bull Racing Tag Heuer,4.0,53,7.09,18.0,2018
142,France,3,7,Kimi RaikkAAPnen,Ferrari,6.0,53,25.888,15.0,2018
143,France,4,3,Daniel Ricciardo,Red Bull Racing Tag Heuer,5.0,53,34.736,12.0,2018
144,France,5,5,Sebastian Vettel,Ferrari,3.0,53,61.935,10.0,2018
145,France,6,20,Kevin Magnussen,Haas Ferrari,9.0,53,79.364,8.0,2018
146,France,7,77,Valtteri Bottas,Mercedes,2.0,53,80.632,6.0,2018
147,France,8,55,Carlos Sainz,Alpine,7.0,53,87.184,4.0,2018
148,France,9,27,Nico Hulkenberg,Alpine,12.0,53,91.989,2.0,2018
149,France,10,16,Charles Leclerc,Alfa Romeo Racing Ferrari,8.0,53,93.873,1.0,2018
160,Austria,1,33,Max Verstappen,Red Bull Racing Tag Heuer,4.0,71,21:56.0,25.0,2018
161,Austria,2,7,Kimi RaikkAAPnen,Ferrari,3.0,71,1.504,18.0,2018
162,Austria,3,5,Sebastian Vettel,Ferrari,6.0,71,3.181,15.0,2018
163,Austria,4,8,Romain Grosjean,Haas Ferrari,5.0,70,+1 lap,12.0,2018
164,Austria,5,20,Kevin Magnussen,Haas Ferrari,8.0,70,+1 lap,10.0,2018
165,Austria,6,31,Esteban Ocon,Aston Martin,11.0,70,+1 lap,8.0,2018
166,Austria,7,11,Sergio Perez,Aston Martin,15.0,70,+1 lap,6.0,2018
167,Austria,8,14,Fernando Alonso,McLaren Renault,20.0,70,+1 lap,4.0,2018
168,Austria,9,16,Charles Leclerc,Alfa Romeo Racing Ferrari,17.0,70,+1 lap,2.0,2018
169,Austria,10,9,Marcus Ericsson,Alfa Romeo Racing Ferrari,18.0,70,+1 lap,1.0,2018
180,Great Britain,1,5,Sebastian Vettel,Ferrari,2.0,52,27:29.8,25.0,2018
181,Great Britain,2,44,Lewis Hamilton,Mercedes,1.0,52,2.264,18.0,2018
182,Great Britain,3,7,Kimi RaikkAAPnen,Ferrari,3.0,52,3.652,15.0,2018
183,Great Britain,4,77,Valtteri Bottas,Mercedes,4.0,52,8.883,12.0,2018
184,Great Britain,5,3,Daniel Ricciardo,Red Bull Racing Tag Heuer,6.0,52,9.5,10.0,2018
185,Great Britain,6,27,Nico Hulkenberg,Alpine,11.0,52,28.22,8.0,2018
186,Great Britain,7,31,Esteban Ocon,Aston Martin,10.0,52,29.93,6.0,2018
187,Great Britain,8,14,Fernando Alonso,McLaren Renault,13.0,52,31.115,4.0,2018
188,Great Britain,9,20,Kevin Magnussen,Haas Ferrari,7.0,52,33.188,2.0,2018
189,Great Britain,10,11,Sergio Perez,Aston Martin,12.0,52,34.708,1.0,2018
200,Germany,1,44,Lewis Hamilton,Mercedes,14.0,67,32:29.8,25.0,2018
201,Germany,2,77,Valtteri Bottas,Mercedes,2.0,67,4.535,18.0,2018
202,Germany,3,7,Kimi RaikkAAPnen,Ferrari,3.0,67,6.732,15.0,2018
203,Germany,4,33,Max Verstappen,Red Bull Racing Tag Heuer,4.0,67,7.654,12.0,2018
204,Germany,5,27,Nico Hulkenberg,Alpine,7.0,67,26.609,10.0,2018
205,Germany,6,8,Romain Grosjean,Haas Ferrari,6.0,67,28.871,8.0,2018
206,Germany,7,11,Sergio Perez,Aston Martin,10.0,67,30.556,6.0,2018
207,Germany,8,31,Esteban Ocon,Aston Martin,15.0,67,31.75,4.0,2018
208,Germany,9,9,Marcus Ericsson,Alfa Romeo Racing Ferrari,13.0,67,32.362,2.0,2018
209,Germany,10,28,Brendon Hartley,AlphaTauri Honda,16.0,67,34.197,1.0,2018
220,Hungary,1,44,Lewis Hamilton,Mercedes,1.0,70,37:16.4,25.0,2018
221,Hungary,2,5,Sebastian Vettel,Ferrari,4.0,70,17.123,18.0,2018
222,Hungary,3,7,Kimi RaikkAAPnen,Ferrari,3.0,70,20.101,15.0,2018
223,Hungary,4,3,Daniel Ricciardo,Red Bull Racing Tag Heuer,12.0,70,46.419,12.0,2018
224,Hungary,5,77,Valtteri Bottas,Mercedes,2.0,70,60,10.0,2018
225,Hungary,6,10,Pierre Gasly,AlphaTauri Honda,6.0,70,73.273,8.0,2018
226,Hungary,7,20,Kevin Magnussen,Haas Ferrari,9.0,69,+1 lap,6.0,2018
227,Hungary,8,14,Fernando Alonso,McLaren Renault,11.0,69,+1 lap,4.0,2018
228,Hungary,9,55,Carlos Sainz,Alpine,5.0,69,+1 lap,2.0,2018
229,Hungary,10,8,Romain Grosjean,Haas Ferrari,10.0,69,+1 lap,1.0,2018
240,Belgium,1,5,Sebastian Vettel,Ferrari,2.0,44,23:34.5,25.0,2018
241,Belgium,2,44,Lewis Hamilton,Mercedes,1.0,44,11.061,18.0,2018
242,Belgium,3,33,Max Verstappen,Red Bull Racing Tag Heuer,7.0,44,31.372,15.0,2018
243,Belgium,4,77,Valtteri Bottas,Mercedes,17.0,44,68.605,12.0,2018
244,Belgium,5,11,Sergio Perez,Aston Martin,4.0,44,71.023,10.0,2018
245,Belgium,6,31,Esteban Ocon,Aston Martin,3.0,44,79.52,8.0,2018
246,Belgium,7,8,Romain Grosjean,Haas Ferrari,5.0,44,85.953,6.0,2018
247,Belgium,8,20,Kevin Magnussen,Haas Ferrari,9.0,44,87.639,4.0,2018
248,Belgium,9,10,Pierre Gasly,AlphaTauri Honda,10.0,44,105.892,2.0,2018
249,Belgium,10,9,Marcus Ericsson,Alfa Romeo Racing Ferrari,13.0,43,+1 lap,1.0,2018
260,Italy,1,44,Lewis Hamilton,Mercedes,3.0,53,16:54.5,25.0,2018
261,Italy,2,7,Kimi RaikkAAPnen,Ferrari,1.0,53,8.705,18.0,2018
262,Italy,3,77,Valtteri Bottas,Mercedes,4.0,53,14.066,15.0,2018
263,Italy,4,5,Sebastian Vettel,Ferrari,2.0,53,16.151,12.0,2018
264,Italy,5,33,Max Verstappen,Red Bull Racing Tag Heuer,5.0,53,18.208,10.0,2018
266,Italy,6,31,Esteban Ocon,Aston Martin,8.0,53,57.761,8.0,2018
267,Italy,7,11,Sergio Perez,Aston Martin,14.0,53,58.678,6.0,2018
268,Italy,8,55,Carlos Sainz,Alpine,7.0,53,78.14,4.0,2018
269,Italy,9,18,Lance Stroll,Williams Mercedes,10.0,52,+1 lap,2.0,2018
270,Italy,10,35,Sergey Sirotkin,Williams Mercedes,12.0,52,+1 lap,1.0,2018
280,Singapore,1,44,Lewis Hamilton,Mercedes,1.0,61,51:11.6,25.0,2018
281,Singapore,2,33,Max Verstappen,Red Bull Racing Tag Heuer,2.0,61,8.961,18.0,2018
282,Singapore,3,5,Sebastian Vettel,Ferrari,3.0,61,39.945,15.0,2018
283,Singapore,4,77,Valtteri Bottas,Mercedes,4.0,61,51.93,12.0,2018
284,Singapore,5,7,Kimi RaikkAAPnen,Ferrari,5.0,61,53.001,10.0,2018
285,Singapore,6,3,Daniel Ricciardo,Red Bull Racing Tag Heuer,6.0,61,53.982,8.0,2018
286,Singapore,7,14,Fernando Alonso,McLaren Renault,11.0,61,103.011,6.0,2018
287,Singapore,8,55,Carlos Sainz,Alpine,12.0,60,+1 lap,4.0,2018
288,Singapore,9,16,Charles Leclerc,Alfa Romeo Racing Ferrari,13.0,60,+1 lap,2.0,2018
289,Singapore,10,27,Nico Hulkenberg,Alpine,10.0,60,+1 lap,1.0,2018
300,Russia,1,44,Lewis Hamilton,Mercedes,2.0,53,27:25.2,25.0,2018
301,Russia,2,77,Valtteri Bottas,Mercedes,1.0,53,2.545,18.0,2018
302,Russia,3,5,Sebastian Vettel,Ferrari,3.0,53,7.487,15.0,2018
303,Russia,4,7,Kimi RaikkAAPnen,Ferrari,4.0,53,16.543,12.0,2018
304,Russia,5,33,Max Verstappen,Red Bull Racing Tag Heuer,19.0,53,31.016,10.0,2018
305,Russia,6,3,Daniel Ricciardo,Red Bull Racing Tag Heuer,18.0,53,80.451,8.0,2018
306,Russia,7,16,Charles Leclerc,Alfa Romeo Racing Ferrari,7.0,53,98.39,6.0,2018
307,Russia,8,20,Kevin Magnussen,Haas Ferrari,5.0,52,+1 lap,4.0,2018
308,Russia,9,31,Esteban Ocon,Aston Martin,6.0,52,+1 lap,2.0,2018
309,Russia,10,11,Sergio Perez,Aston Martin,8.0,52,+1 lap,1.0,2018
320,Japan,1,44,Lewis Hamilton,Mercedes,1.0,53,27:17.1,25.0,2018
321,Japan,2,77,Valtteri Bottas,Mercedes,2.0,53,12.919,18.0,2018
322,Japan,3,33,Max Verstappen,Red Bull Racing Tag Heuer,3.0,53,14.295,15.0,2018
323,Japan,4,3,Daniel Ricciardo,Red Bull Racing Tag Heuer,15.0,53,19.495,12.0,2018
324,Japan,5,7,Kimi RaikkAAPnen,Ferrari,4.0,53,50.998,10.0,2018
325,Japan,6,5,Sebastian Vettel,Ferrari,8.0,53,69.873,8.0,2018
326,Japan,7,11,Sergio Perez,Aston Martin,9.0,53,79.379,6.0,2018
327,Japan,8,8,Romain Grosjean,Haas Ferrari,5.0,53,87.198,4.0,2018
328,Japan,9,31,Esteban Ocon,Aston Martin,11.0,53,88.055,2.0,2018
329,Japan,10,55,Carlos Sainz,Alpine,13.0,52,+1 lap,1.0,2018
340,United States,1,7,Kimi RaikkAAPnen,Ferrari,2.0,56,34:18.6,25.0,2018
341,United States,2,33,Max Verstappen,Red Bull Racing Tag Heuer,18.0,56,1.281,18.0,2018
342,United States,3,44,Lewis Hamilton,Mercedes,1.0,56,2.342,15.0,2018
343,United States,4,5,Sebastian Vettel,Ferrari,5.0,56,18.222,12.0,2018
344,United States,5,77,Valtteri Bottas,Mercedes,3.0,56,24.744,10.0,2018
345,United States,6,27,Nico Hulkenberg,Alpine,7.0,56,87.21,8.0,2018
346,United States,7,55,Carlos Sainz,Alpine,11.0,56,94.994,6.0,2018
349,United States,8,11,Sergio Perez,Aston Martin,10.0,56,101.08,4.0,2018
350,United States,9,28,Brendon Hartley,AlphaTauri Honda,20.0,55,+1 lap,2.0,2018
351,United States,10,9,Marcus Ericsson,Alfa Romeo Racing Ferrari,16.0,55,+1 lap,1.0,2018
360,Mexico,1,33,Max Verstappen,Red Bull Racing Tag Heuer,2.0,71,38:28.9,25.0,2018
361,Mexico,2,5,Sebastian Vettel,Ferrari,4.0,71,17.316,18.0,2018
362,Mexico,3,7,Kimi RaikkAAPnen,Ferrari,6.0,71,49.914,15.0,2018
363,Mexico,4,44,Lewis Hamilton,Mercedes,3.0,71,78.738,12.0,2018
364,Mexico,5,77,Valtteri Bottas,Mercedes,5.0,70,+1 lap,10.0,2018
365,Mexico,6,27,Nico Hulkenberg,Alpine,7.0,69,+2 laps,8.0,2018
366,Mexico,7,16,Charles Leclerc,Alfa Romeo Racing Ferrari,9.0,69,+2 laps,6.0,2018
367,Mexico,8,2,Stoffel Vandoorne,McLaren Renault,15.0,69,+2 laps,4.0,2018
368,Mexico,9,9,Marcus Ericsson,Alfa Romeo Racing Ferrari,10.0,69,+2 laps,2.0,2018
369,Mexico,10,10,Pierre Gasly,AlphaTauri Honda,20.0,69,+2 laps,1.0,2018
380,Brazil,1,44,Lewis Hamilton,Mercedes,1.0,71,27:09.1,25.0,2018
381,Brazil,2,33,Max Verstappen,Red Bull Racing Tag Heuer,5.0,71,1.469,18.0,2018
382,Brazil,3,7,Kimi RaikkAAPnen,Ferrari,4.0,71,4.764,15.0,2018
383,Brazil,4,3,Daniel Ricciardo,Red Bull Racing Tag Heuer,11.0,71,5.193,12.0,2018
384,Brazil,5,77,Valtteri Bottas,Mercedes,3.0,71,22.943,10.0,2018
385,Brazil,6,5,Sebastian Vettel,Ferrari,2.0,71,26.997,8.0,2018
386,Brazil,7,16,Charles Leclerc,Alfa Romeo Racing Ferrari,7.0,71,44.199,6.0,2018
387,Brazil,8,8,Romain Grosjean,Haas Ferrari,8.0,71,51.23,4.0,2018
388,Brazil,9,20,Kevin Magnussen,Haas Ferrari,10.0,71,52.857,2.0,2018
389,Brazil,10,11,Sergio Perez,Aston Martin,12.0,70,+1 lap,1.0,2018
400,Abu Dhabi,1,44,Lewis Hamilton,Mercedes,1.0,55,39:40.4,25.0,2018
401,Abu Dhabi,2,5,Sebastian Vettel,Ferrari,3.0,55,2.581,18.0,2018
402,Abu Dhabi,3,33,Max Verstappen,Red Bull Racing Tag Heuer,6.0,55,12.706,15.0,2018
403,Abu Dhabi,4,3,Daniel Ricciardo,Red Bull Racing Tag Heuer,5.0,55,15.379,12.0,2018
404,Abu Dhabi,5,77,Valtteri Bottas,Mercedes,2.0,55,47.957,10.0,2018
405,Abu Dhabi,6,55,Carlos Sainz,Alpine,11.0,55,72.548,8.0,2018
406,Abu Dhabi,7,16,Charles Leclerc,Alfa Romeo Racing Ferrari,8.0,55,90.789,6.0,2018
407,Abu Dhabi,8,11,Sergio Perez,Aston Martin,14.0,55,91.275,4.0,2018
408,Abu Dhabi,9,8,Romain Grosjean,Haas Ferrari,7.0,54,+1 lap,2.0,2018
409,Abu Dhabi,10,20,Kevin Magnussen,Haas Ferrari,13.0,54,+1 lap,1.0,2018
420,Australia,1,77,Valtteri Bottas,Mercedes,2.0,58,25:27.3,26.0,2019
421,Australia,2,44,Lewis Hamilton,Mercedes,1.0,58,20.886,18.0,2019
422,Australia,3,33,Max Verstappen,Red Bull Racing Honda,4.0,58,22.52,15.0,2019
423,Australia,4,5,Sebastian Vettel,Ferrari,3.0,58,57.109,12.0,2019
424,Australia,5,16,Charles Leclerc,Ferrari,5.0,58,58.23,10.0,2019
425,Australia,6,20,Kevin Magnussen,Haas Ferrari,7.0,58,87.156,8.0,2019
426,Australia,7,27,Nico Hulkenberg,Alpine,11.0,57,+1 lap,6.0,2019
427,Australia,8,7,Kimi RaikkAAPnen,Alfa Romeo Racing Ferrari,9.0,57,+1 lap,4.0,2019
428,Australia,9,18,Lance Stroll,Aston Martin,16.0,57,+1 lap,2.0,2019
429,Australia,10,26,Daniil Kvyat,AlphaTauri Honda,15.0,57,+1 lap,1.0,2019
440,Bahrain,1,44,Lewis Hamilton,Mercedes,3.0,57,34:21.3,25.0,2019
441,Bahrain,2,77,Valtteri Bottas,Mercedes,4.0,57,2.98,18.0,2019
442,Bahrain,3,16,Charles Leclerc,Ferrari,1.0,57,6.131,16.0,2019
443,Bahrain,4,33,Max Verstappen,Red Bull Racing Honda,5.0,57,6.408,12.0,2019
444,Bahrain,5,5,Sebastian Vettel,Ferrari,2.0,57,36.068,10.0,2019
445,Bahrain,6,4,Lando Norris,McLaren Renault,9.0,57,45.754,8.0,2019
446,Bahrain,7,7,Kimi RaikkAAPnen,Alfa Romeo Racing Ferrari,8.0,57,47.47,6.0,2019
447,Bahrain,8,10,Pierre Gasly,Red Bull Racing Honda,13.0,57,58.094,4.0,2019
448,Bahrain,9,23,Alexander Albon,AlphaTauri Honda,12.0,57,62.697,2.0,2019
449,Bahrain,10,11,Sergio Perez,Aston Martin,14.0,57,63.696,1.0,2019
460,China,1,44,Lewis Hamilton,Mercedes,2.0,56,32:06.4,25.0,2019
461,China,2,77,Valtteri Bottas,Mercedes,1.0,56,6.552,18.0,2019
462,China,3,5,Sebastian Vettel,Ferrari,3.0,56,13.744,15.0,2019
463,China,4,33,Max Verstappen,Red Bull Racing Honda,5.0,56,27.627,12.0,2019
464,China,5,16,Charles Leclerc,Ferrari,4.0,56,31.276,10.0,2019
465,China,6,10,Pierre Gasly,Red Bull Racing Honda,6.0,56,89.307,9.0,2019
466,China,7,3,Daniel Ricciardo,Alpine,7.0,55,+1 lap,6.0,2019
467,China,8,11,Sergio Perez,Aston Martin,12.0,55,+1 lap,4.0,2019
468,China,9,7,Kimi RaikkAAPnen,Alfa Romeo Racing Ferrari,13.0,55,+1 lap,2.0,2019
469,China,10,23,Alexander Albon,AlphaTauri Honda,20.0,55,+1 lap,1.0,2019
480,Azerbaijan,1,77,Valtteri Bottas,Mercedes,1.0,51,31:52.9,25.0,2019
481,Azerbaijan,2,44,Lewis Hamilton,Mercedes,2.0,51,1.524,18.0,2019
482,Azerbaijan,3,5,Sebastian Vettel,Ferrari,3.0,51,11.739,15.0,2019
483,Azerbaijan,4,33,Max Verstappen,Red Bull Racing Honda,4.0,51,17.493,12.0,2019
484,Azerbaijan,5,16,Charles Leclerc,Ferrari,8.0,51,69.107,11.0,2019
485,Azerbaijan,6,11,Sergio Perez,Aston Martin,5.0,51,76.416,8.0,2019
486,Azerbaijan,7,55,Carlos Sainz,McLaren Renault,9.0,51,83.826,6.0,2019
487,Azerbaijan,8,4,Lando Norris,McLaren Renault,7.0,51,100.268,4.0,2019
488,Azerbaijan,9,18,Lance Stroll,Aston Martin,13.0,51,103.816,2.0,2019
489,Azerbaijan,10,7,Kimi RaikkAAPnen,Alfa Romeo Racing Ferrari,19.0,50,+1 lap,1.0,2019
500,Spain,1,44,Lewis Hamilton,Mercedes,2.0,66,35:50.4,26.0,2019
501,Spain,2,77,Valtteri Bottas,Mercedes,1.0,66,4.074,18.0,2019
502,Spain,3,33,Max Verstappen,Red Bull Racing Honda,4.0,66,7.679,15.0,2019
503,Spain,4,5,Sebastian Vettel,Ferrari,3.0,66,9.167,12.0,2019
504,Spain,5,16,Charles Leclerc,Ferrari,5.0,66,13.361,10.0,2019
505,Spain,6,10,Pierre Gasly,Red Bull Racing Honda,6.0,66,19.576,8.0,2019
506,Spain,7,20,Kevin Magnussen,Haas Ferrari,8.0,66,28.159,6.0,2019
507,Spain,8,55,Carlos Sainz,McLaren Renault,12.0,66,32.342,4.0,2019
508,Spain,9,26,Daniil Kvyat,AlphaTauri Honda,9.0,66,33.056,2.0,2019
509,Spain,10,8,Romain Grosjean,Haas Ferrari,7.0,66,34.641,1.0,2019
520,Monaco,1,44,Lewis Hamilton,Mercedes,1.0,78,43:28.4,25.0,2019
521,Monaco,2,5,Sebastian Vettel,Ferrari,4.0,78,2.602,18.0,2019
522,Monaco,3,77,Valtteri Bottas,Mercedes,2.0,78,3.162,15.0,2019
523,Monaco,4,33,Max Verstappen,Red Bull Racing Honda,3.0,78,5.537,12.0,2019
524,Monaco,5,10,Pierre Gasly,Red Bull Racing Honda,8.0,78,9.946,11.0,2019
525,Monaco,6,55,Carlos Sainz,McLaren Renault,9.0,78,53.454,8.0,2019
526,Monaco,7,26,Daniil Kvyat,AlphaTauri Honda,7.0,78,54.574,6.0,2019
527,Monaco,8,23,Alexander Albon,AlphaTauri Honda,10.0,78,55.2,4.0,2019
528,Monaco,9,3,Daniel Ricciardo,Alpine,6.0,78,60.894,2.0,2019
529,Monaco,10,8,Romain Grosjean,Haas Ferrari,13.0,78,61.034,1.0,2019
540,Canada,1,44,Lewis Hamilton,Mercedes,2.0,70,29:07.1,25.0,2019
541,Canada,2,5,Sebastian Vettel,Ferrari,1.0,70,3.658,18.0,2019
542,Canada,3,16,Charles Leclerc,Ferrari,3.0,70,4.696,15.0,2019
543,Canada,4,77,Valtteri Bottas,Mercedes,6.0,70,51.043,13.0,2019
544,Canada,5,33,Max Verstappen,Red Bull Racing Honda,9.0,70,57.655,10.0,2019
545,Canada,6,3,Daniel Ricciardo,Alpine,4.0,69,+1 lap,8.0,2019
546,Canada,7,27,Nico Hulkenberg,Alpine,7.0,69,+1 lap,6.0,2019
547,Canada,8,10,Pierre Gasly,Red Bull Racing Honda,5.0,69,+1 lap,4.0,2019
548,Canada,9,18,Lance Stroll,Aston Martin,17.0,69,+1 lap,2.0,2019
549,Canada,10,26,Daniil Kvyat,AlphaTauri Honda,10.0,69,+1 lap,1.0,2019
560,France,1,44,Lewis Hamilton,Mercedes,1.0,53,24:31.2,25.0,2019
561,France,2,77,Valtteri Bottas,Mercedes,2.0,53,18.056,18.0,2019
562,France,3,16,Charles Leclerc,Ferrari,3.0,53,18.985,15.0,2019
563,France,4,33,Max Verstappen,Red Bull Racing Honda,4.0,53,34.905,12.0,2019
564,France,5,5,Sebastian Vettel,Ferrari,7.0,53,62.796,11.0,2019
565,France,6,55,Carlos Sainz,McLaren Renault,6.0,53,95.462,8.0,2019
566,France,7,7,Kimi RaikkAAPnen,Alfa Romeo Racing Ferrari,12.0,52,+1 lap,6.0,2019
567,France,8,27,Nico Hulkenberg,Alpine,13.0,52,+1 lap,4.0,2019
568,France,9,4,Lando Norris,McLaren Renault,5.0,52,+1 lap,2.0,2019
569,France,10,10,Pierre Gasly,Red Bull Racing Honda,9.0,52,+1 lap,1.0,2019
580,Austria,1,33,Max Verstappen,Red Bull Racing Honda,2.0,71,22:01.8,26.0,2019
581,Austria,2,16,Charles Leclerc,Ferrari,1.0,71,2.724,18.0,2019
582,Austria,3,77,Valtteri Bottas,Mercedes,3.0,71,18.96,15.0,2019
583,Austria,4,5,Sebastian Vettel,Ferrari,9.0,71,19.61,12.0,2019
584,Austria,5,44,Lewis Hamilton,Mercedes,4.0,71,22.805,10.0,2019
585,Austria,6,4,Lando Norris,McLaren Renault,5.0,70,+1 lap,8.0,2019
586,Austria,7,10,Pierre Gasly,Red Bull Racing Honda,8.0,70,+1 lap,6.0,2019
587,Austria,8,55,Carlos Sainz,McLaren Renault,19.0,70,+1 lap,4.0,2019
588,Austria,9,7,Kimi RaikkAAPnen,Alfa Romeo Racing Ferrari,6.0,70,+1 lap,2.0,2019
589,Austria,10,99,Antonio Giovinazzi,Alfa Romeo Racing Ferrari,7.0,70,+1 lap,1.0,2019
600,Great Britain,1,44,Lewis Hamilton,Mercedes,2.0,52,21:08.5,26.0,2019
601,Great Britain,2,77,Valtteri Bottas,Mercedes,1.0,52,24.928,18.0,2019
602,Great Britain,3,16,Charles Leclerc,Ferrari,3.0,52,30.117,15.0,2019
603,Great Britain,4,10,Pierre Gasly,Red Bull Racing Honda,5.0,52,34.692,12.0,2019
604,Great Britain,5,33,Max Verstappen,Red Bull Racing Honda,4.0,52,39.458,10.0,2019
605,Great Britain,6,55,Carlos Sainz,McLaren Renault,13.0,52,53.639,8.0,2019
606,Great Britain,7,3,Daniel Ricciardo,Alpine,7.0,52,54.401,6.0,2019
607,Great Britain,8,7,Kimi RaikkAAPnen,Alfa Romeo Racing Ferrari,12.0,52,65.54,4.0,2019
608,Great Britain,9,26,Daniil Kvyat,AlphaTauri Honda,17.0,52,66.72,2.0,2019
609,Great Britain,10,27,Nico Hulkenberg,Alpine,10.0,52,72.733,1.0,2019
620,Germany,1,33,Max Verstappen,Red Bull Racing Honda,2.0,64,44:31.3,26.0,2019
621,Germany,2,5,Sebastian Vettel,Ferrari,20.0,64,7.333,18.0,2019
622,Germany,3,26,Daniil Kvyat,AlphaTauri Honda,14.0,64,8.305,15.0,2019
623,Germany,4,18,Lance Stroll,Aston Martin,15.0,64,8.966,12.0,2019
624,Germany,5,55,Carlos Sainz,McLaren Renault,7.0,64,9.583,10.0,2019
625,Germany,6,23,Alexander Albon,AlphaTauri Honda,16.0,64,10.052,8.0,2019
626,Germany,7,8,Romain Grosjean,Haas Ferrari,6.0,64,16.838,6.0,2019
627,Germany,8,20,Kevin Magnussen,Haas Ferrari,12.0,64,18.765,4.0,2019
628,Germany,9,44,Lewis Hamilton,Mercedes,1.0,64,19.667,2.0,2019
629,Germany,10,88,Robert Kubica,Williams Mercedes,18.0,64,24.987,1.0,2019
640,Hungary,1,44,Lewis Hamilton,Mercedes,3.0,70,35:03.8,25.0,2019
641,Hungary,2,33,Max Verstappen,Red Bull Racing Honda,1.0,70,17.796,19.0,2019
642,Hungary,3,5,Sebastian Vettel,Ferrari,5.0,70,61.433,15.0,2019
643,Hungary,4,16,Charles Leclerc,Ferrari,4.0,70,65.25,12.0,2019
644,Hungary,5,55,Carlos Sainz,McLaren Renault,8.0,69,+1 lap,10.0,2019
645,Hungary,6,10,Pierre Gasly,Red Bull Racing Honda,6.0,69,+1 lap,8.0,2019
646,Hungary,7,7,Kimi RaikkAAPnen,Alfa Romeo Racing Ferrari,10.0,69,+1 lap,6.0,2019
647,Hungary,8,77,Valtteri Bottas,Mercedes,2.0,69,+1 lap,4.0,2019
648,Hungary,9,4,Lando Norris,McLaren Renault,7.0,69,+1 lap,2.0,2019
649,Hungary,10,23,Alexander Albon,AlphaTauri Honda,12.0,69,+1 lap,1.0,2019
660,Belgium,1,16,Charles Leclerc,Ferrari,1.0,44,23:45.7,25.0,2019
661,Belgium,2,44,Lewis Hamilton,Mercedes,3.0,44,0.981,18.0,2019
662,Belgium,3,77,Valtteri Bottas,Mercedes,4.0,44,12.585,15.0,2019
663,Belgium,4,5,Sebastian Vettel,Ferrari,2.0,44,26.422,13.0,2019
664,Belgium,5,23,Alexander Albon,Red Bull Racing Honda,17.0,44,81.325,10.0,2019
665,Belgium,6,11,Sergio Perez,Aston Martin,7.0,44,84.448,8.0,2019
666,Belgium,7,26,Daniil Kvyat,AlphaTauri Honda,19.0,44,89.657,6.0,2019
667,Belgium,8,27,Nico Hulkenberg,Alpine,12.0,44,106.639,4.0,2019
668,Belgium,9,10,Pierre Gasly,AlphaTauri Honda,13.0,44,109.168,2.0,2019
669,Belgium,10,18,Lance Stroll,Aston Martin,16.0,44,109.838,1.0,2019
680,Italy,1,16,Charles Leclerc,Ferrari,1.0,53,15:26.7,25.0,2019
681,Italy,2,77,Valtteri Bottas,Mercedes,3.0,53,0.835,18.0,2019
682,Italy,3,44,Lewis Hamilton,Mercedes,2.0,53,35.199,16.0,2019
683,Italy,4,3,Daniel Ricciardo,Alpine,5.0,53,45.515,12.0,2019
684,Italy,5,27,Nico Hulkenberg,Alpine,6.0,53,58.165,10.0,2019
685,Italy,6,23,Alexander Albon,Red Bull Racing Honda,8.0,53,59.315,8.0,2019
686,Italy,7,11,Sergio Perez,Aston Martin,18.0,53,73.802,6.0,2019
687,Italy,8,33,Max Verstappen,Red Bull Racing Honda,19.0,53,74.492,4.0,2019
688,Italy,9,99,Antonio Giovinazzi,Alfa Romeo Racing Ferrari,10.0,52,+1 lap,2.0,2019
689,Italy,10,4,Lando Norris,McLaren Renault,16.0,52,+1 lap,1.0,2019
700,Singapore,1,5,Sebastian Vettel,Ferrari,3.0,61,58:33.7,25.0,2019
701,Singapore,2,16,Charles Leclerc,Ferrari,1.0,61,2.641,18.0,2019
702,Singapore,3,33,Max Verstappen,Red Bull Racing Honda,4.0,61,3.821,15.0,2019
703,Singapore,4,44,Lewis Hamilton,Mercedes,2.0,61,4.608,12.0,2019
704,Singapore,5,77,Valtteri Bottas,Mercedes,5.0,61,6.119,10.0,2019
705,Singapore,6,23,Alexander Albon,Red Bull Racing Honda,6.0,61,11.663,8.0,2019
706,Singapore,7,4,Lando Norris,McLaren Renault,9.0,61,14.769,6.0,2019
707,Singapore,8,10,Pierre Gasly,AlphaTauri Honda,11.0,61,15.547,4.0,2019
708,Singapore,9,27,Nico Hulkenberg,Alpine,8.0,61,16.718,2.0,2019
709,Singapore,10,99,Antonio Giovinazzi,Alfa Romeo Racing Ferrari,10.0,61,27.855,1.0,2019
720,Russia,1,44,Lewis Hamilton,Mercedes,2.0,53,33:39.0,26.0,2019
721,Russia,2,77,Valtteri Bottas,Mercedes,4.0,53,3.829,18.0,2019
722,Russia,3,16,Charles Leclerc,Ferrari,1.0,53,5.212,15.0,2019
723,Russia,4,33,Max Verstappen,Red Bull Racing Honda,9.0,53,14.21,12.0,2019
724,Russia,5,23,Alexander Albon,Red Bull Racing Honda,20.0,53,38.348,10.0,2019
725,Russia,6,55,Carlos Sainz,McLaren Renault,5.0,53,45.889,8.0,2019
726,Russia,7,11,Sergio Perez,Aston Martin,11.0,53,48.728,6.0,2019
727,Russia,8,4,Lando Norris,McLaren Renault,7.0,53,57.749,4.0,2019
728,Russia,9,20,Kevin Magnussen,Haas Ferrari,13.0,53,58.779,2.0,2019
729,Russia,10,27,Nico Hulkenberg,Alpine,6.0,53,59.841,1.0,2019
740,Japan,1,77,Valtteri Bottas,Mercedes,3.0,52,21:46.8,25.0,2019
741,Japan,2,5,Sebastian Vettel,Ferrari,1.0,52,13.343,18.0,2019
742,Japan,3,44,Lewis Hamilton,Mercedes,4.0,52,13.858,16.0,2019
743,Japan,4,23,Alexander Albon,Red Bull Racing Honda,6.0,52,59.537,12.0,2019
744,Japan,5,55,Carlos Sainz,McLaren Renault,7.0,52,69.101,10.0,2019
746,Japan,6,16,Charles Leclerc,Ferrari,2.0,51,+1 lap,8.0,2019
747,Japan,7,10,Pierre Gasly,AlphaTauri Honda,9.0,51,+1 lap,6.0,2019
748,Japan,8,11,Sergio Perez,Aston Martin,17.0,51,+1 lap,4.0,2019
750,Japan,9,18,Lance Stroll,Aston Martin,12.0,51,+1 lap,2.0,2019
751,Japan,10,26,Daniil Kvyat,AlphaTauri Honda,14.0,51,+1 lap,1.0,2019
760,Mexico,1,44,Lewis Hamilton,Mercedes,3.0,71,36:48.9,25.0,2019
761,Mexico,2,5,Sebastian Vettel,Ferrari,2.0,71,1.766,18.0,2019
762,Mexico,3,77,Valtteri Bottas,Mercedes,6.0,71,3.553,15.0,2019
763,Mexico,4,16,Charles Leclerc,Ferrari,1.0,71,6.368,13.0,2019
764,Mexico,5,23,Alexander Albon,Red Bull Racing Honda,5.0,71,21.399,10.0,2019
765,Mexico,6,33,Max Verstappen,Red Bull Racing Honda,4.0,71,68.807,8.0,2019
766,Mexico,7,11,Sergio Perez,Aston Martin,11.0,71,73.819,6.0,2019
767,Mexico,8,3,Daniel Ricciardo,Alpine,13.0,71,74.924,4.0,2019
768,Mexico,9,10,Pierre Gasly,AlphaTauri Honda,10.0,70,+1 lap,2.0,2019
769,Mexico,10,27,Nico Hulkenberg,Alpine,12.0,70,+1 lap,1.0,2019
780,United States,1,77,Valtteri Bottas,Mercedes,1.0,56,33:55.7,25.0,2019
781,United States,2,44,Lewis Hamilton,Mercedes,5.0,56,4.148,18.0,2019
782,United States,3,33,Max Verstappen,Red Bull Racing Honda,3.0,56,5.002,15.0,2019
783,United States,4,16,Charles Leclerc,Ferrari,4.0,56,52.239,13.0,2019
784,United States,5,23,Alexander Albon,Red Bull Racing Honda,6.0,56,78.038,10.0,2019
785,United States,6,3,Daniel Ricciardo,Alpine,9.0,56,90.366,8.0,2019
786,United States,7,4,Lando Norris,McLaren Renault,8.0,56,90.764,6.0,2019
787,United States,8,55,Carlos Sainz,McLaren Renault,7.0,55,+1 lap,4.0,2019
788,United States,9,27,Nico Hulkenberg,Alpine,11.0,55,+1 lap,2.0,2019
789,United States,10,11,Sergio Perez,Aston Martin,20.0,55,+1 lap,1.0,2019
800,Brazil,1,33,Max Verstappen,Red Bull Racing Honda,1.0,71,33:14.7,25.0,2019
801,Brazil,2,10,Pierre Gasly,AlphaTauri Honda,6.0,71,6.077,18.0,2019
802,Brazil,3,55,Carlos Sainz,McLaren Renault,20.0,71,8.896,15.0,2019
803,Brazil,4,7,Kimi RaikkAAPnen,Alfa Romeo Racing Ferrari,8.0,71,9.452,12.0,2019
804,Brazil,5,99,Antonio Giovinazzi,Alfa Romeo Racing Ferrari,12.0,71,10.201,10.0,2019
805,Brazil,6,3,Daniel Ricciardo,Alpine,11.0,71,10.541,8.0,2019
806,Brazil,7,44,Lewis Hamilton,Mercedes,3.0,71,11.139,6.0,2019
807,Brazil,8,4,Lando Norris,McLaren Renault,10.0,71,11.204,4.0,2019
808,Brazil,9,11,Sergio Perez,Aston Martin,15.0,71,11.529,2.0,2019
809,Brazil,10,26,Daniil Kvyat,AlphaTauri Honda,16.0,71,11.931,1.0,2019
820,Abu Dhabi,1,44,Lewis Hamilton,Mercedes,1.0,55,34:05.7,26.0,2019
821,Abu Dhabi,2,33,Max Verstappen,Red Bull Racing Honda,2.0,55,16.772,18.0,2019
822,Abu Dhabi,3,16,Charles Leclerc,Ferrari,3.0,55,43.435,15.0,2019
823,Abu Dhabi,4,77,Valtteri Bottas,Mercedes,20.0,55,44.379,12.0,2019
824,Abu Dhabi,5,5,Sebastian Vettel,Ferrari,4.0,55,64.357,10.0,2019
825,Abu Dhabi,6,23,Alexander Albon,Red Bull Racing Honda,5.0,55,69.205,8.0,2019
826,Abu Dhabi,7,11,Sergio Perez,Aston Martin,10.0,54,+1 lap,6.0,2019
827,Abu Dhabi,8,4,Lando Norris,McLaren Renault,6.0,54,+1 lap,4.0,2019
828,Abu Dhabi,9,26,Daniil Kvyat,AlphaTauri Honda,13.0,54,+1 lap,2.0,2019
829,Abu Dhabi,10,55,Carlos Sainz,McLaren Renault,8.0,54,+1 lap,1.0,2019
840,Austria,1,77,Valtteri Bottas,Mercedes,1.0,71,30:55.7,25.0,2020
841,Austria,2,16,Charles Leclerc,Ferrari,7.0,71,2.7,18.0,2020
842,Austria,3,4,Lando Norris,McLaren Renault,3.0,71,5.491,16.0,2020
843,Austria,4,44,Lewis Hamilton,Mercedes,5.0,71,5.689,12.0,2020
844,Austria,5,55,Carlos Sainz,McLaren Renault,8.0,71,8.903,10.0,2020
845,Austria,6,11,Sergio Perez,Aston Martin,6.0,71,15.092,8.0,2020
846,Austria,7,10,Pierre Gasly,AlphaTauri Honda,12.0,71,16.682,6.0,2020
847,Austria,8,31,Esteban Ocon,Alpine,14.0,71,17.456,4.0,2020
848,Austria,9,99,Antonio Giovinazzi,Alfa Romeo Racing Ferrari,18.0,71,21.146,2.0,2020
849,Austria,10,5,Sebastian Vettel,Ferrari,11.0,71,24.545,1.0,2020
860,Styria,1,44,Lewis Hamilton,Mercedes,1.0,71,22:50.7,25.0,2020
861,Styria,2,77,Valtteri Bottas,Mercedes,4.0,71,13.719,18.0,2020
862,Styria,3,33,Max Verstappen,Red Bull Racing Honda,2.0,71,33.698,15.0,2020
863,Styria,4,23,Alexander Albon,Red Bull Racing Honda,6.0,71,44.4,12.0,2020
864,Styria,5,4,Lando Norris,McLaren Renault,9.0,71,61.47,10.0,2020
865,Styria,6,11,Sergio Perez,Aston Martin,17.0,71,62.387,8.0,2020
866,Styria,7,18,Lance Stroll,Aston Martin,12.0,71,62.453,6.0,2020
867,Styria,8,3,Daniel Ricciardo,Alpine,8.0,71,62.591,4.0,2020
868,Styria,9,55,Carlos Sainz,McLaren Renault,3.0,70,+1 lap,3.0,2020
869,Styria,10,26,Daniil Kvyat,AlphaTauri Honda,13.0,70,+1 lap,1.0,2020
880,Hungary,1,44,Lewis Hamilton,Mercedes,1.0,70,36:12.5,26.0,2020
881,Hungary,2,33,Max Verstappen,Red Bull Racing Honda,7.0,70,8.702,18.0,2020
882,Hungary,3,77,Valtteri Bottas,Mercedes,2.0,70,9.452,15.0,2020
883,Hungary,4,18,Lance Stroll,Aston Martin,3.0,70,57.579,12.0,2020
884,Hungary,5,23,Alexander Albon,Red Bull Racing Honda,13.0,70,78.316,10.0,2020
885,Hungary,6,5,Sebastian Vettel,Ferrari,5.0,69,+1 lap,8.0,2020
886,Hungary,7,11,Sergio Perez,Aston Martin,4.0,69,+1 lap,6.0,2020
887,Hungary,8,3,Daniel Ricciardo,Alpine,11.0,69,+1 lap,4.0,2020
888,Hungary,9,55,Carlos Sainz,McLaren Renault,9.0,69,+1 lap,2.0,2020
889,Hungary,10,20,Kevin Magnussen,Haas Ferrari,16.0,69,+1 lap,1.0,2020
900,Great Britain,1,44,Lewis Hamilton,Mercedes,1.0,52,28:01.3,25.0,2020
901,Great Britain,2,33,Max Verstappen,Red Bull Racing Honda,3.0,52,5.856,19.0,2020
902,Great Britain,3,16,Charles Leclerc,Ferrari,4.0,52,18.474,15.0,2020
903,Great Britain,4,3,Daniel Ricciardo,Alpine,8.0,52,19.65,12.0,2020
904,Great Britain,5,4,Lando Norris,McLaren Renault,5.0,52,22.277,10.0,2020
905,Great Britain,6,31,Esteban Ocon,Alpine,9.0,52,26.937,8.0,2020
906,Great Britain,7,10,Pierre Gasly,AlphaTauri Honda,11.0,52,31.188,6.0,2020
907,Great Britain,8,23,Alexander Albon,Red Bull Racing Honda,12.0,52,32.67,4.0,2020
908,Great Britain,9,18,Lance Stroll,Aston Martin,6.0,52,37.311,2.0,2020
909,Great Britain,10,5,Sebastian Vettel,Ferrari,10.0,52,41.857,1.0,2020
920,70th Anniversary,1,33,Max Verstappen,Red Bull Racing Honda,4.0,52,19:42.0,25.0,2020
921,70th Anniversary,2,44,Lewis Hamilton,Mercedes,2.0,52,11.326,19.0,2020
922,70th Anniversary,3,77,Valtteri Bottas,Mercedes,1.0,52,19.231,15.0,2020
923,70th Anniversary,4,16,Charles Leclerc,Ferrari,8.0,52,29.289,12.0,2020
924,70th Anniversary,5,23,Alexander Albon,Red Bull Racing Honda,9.0,52,39.146,10.0,2020
925,70th Anniversary,6,18,Lance Stroll,Aston Martin,6.0,52,42.538,8.0,2020
926,70th Anniversary,7,27,Nico Hulkenberg,Aston Martin,3.0,52,55.951,6.0,2020
927,70th Anniversary,8,31,Esteban Ocon,Alpine,14.0,52,64.773,4.0,2020
928,70th Anniversary,9,4,Lando Norris,McLaren Renault,10.0,52,65.544,2.0,2020
929,70th Anniversary,10,26,Daniil Kvyat,AlphaTauri Honda,16.0,52,69.669,1.0,2020
940,Spain,1,44,Lewis Hamilton,Mercedes,1.0,66,31:45.3,25.0,2020
941,Spain,2,33,Max Verstappen,Red Bull Racing Honda,3.0,66,24.177,18.0,2020
942,Spain,3,77,Valtteri Bottas,Mercedes,2.0,66,44.752,16.0,2020
943,Spain,4,18,Lance Stroll,Aston Martin,5.0,65,+1 lap,12.0,2020
944,Spain,5,11,Sergio Perez,Aston Martin,4.0,65,+1 lap,10.0,2020
945,Spain,6,55,Carlos Sainz,McLaren Renault,7.0,65,+1 lap,8.0,2020
946,Spain,7,5,Sebastian Vettel,Ferrari,11.0,65,+1 lap,6.0,2020
947,Spain,8,23,Alexander Albon,Red Bull Racing Honda,6.0,65,+1 lap,4.0,2020
948,Spain,9,10,Pierre Gasly,AlphaTauri Honda,10.0,65,+1 lap,2.0,2020
949,Spain,10,4,Lando Norris,McLaren Renault,8.0,65,+1 lap,1.0,2020
960,Belgium,1,44,Lewis Hamilton,Mercedes,1.0,44,24:08.8,25.0,2020
961,Belgium,2,77,Valtteri Bottas,Mercedes,2.0,44,8.448,18.0,2020
962,Belgium,3,33,Max Verstappen,Red Bull Racing Honda,3.0,44,15.455,15.0,2020
963,Belgium,4,3,Daniel Ricciardo,Alpine,4.0,44,18.877,13.0,2020
964,Belgium,5,31,Esteban Ocon,Alpine,6.0,44,40.65,10.0,2020
965,Belgium,6,23,Alexander Albon,Red Bull Racing Honda,5.0,44,42.712,8.0,2020
966,Belgium,7,4,Lando Norris,McLaren Renault,10.0,44,43.774,6.0,2020
967,Belgium,8,10,Pierre Gasly,AlphaTauri Honda,12.0,44,47.371,4.0,2020
968,Belgium,9,18,Lance Stroll,Aston Martin,9.0,44,52.603,2.0,2020
969,Belgium,10,11,Sergio Perez,Aston Martin,8.0,44,53.179,1.0,2020
980,Italy,1,10,Pierre Gasly,AlphaTauri Honda,1.0,53,47:06.1,25.0,2020
981,Italy,2,55,Carlos Sainz,McLaren Renault,3.0,53,0.415,18.0,2020
982,Italy,3,18,Lance Stroll,Aston Martin,8.0,53,3.358,15.0,2020
983,Italy,4,4,Lando Norris,McLaren Renault,6.0,53,6,12.0,2020
984,Italy,5,77,Valtteri Bottas,Mercedes,2.0,53,7.108,10.0,2020
985,Italy,6,3,Daniel Ricciardo,Alpine,7.0,53,8.391,8.0,2020
986,Italy,7,44,Lewis Hamilton,Mercedes,1.0,53,17.245,7.0,2020
987,Italy,8,31,Esteban Ocon,Alpine,12.0,53,18.691,4.0,2020
988,Italy,9,26,Daniil Kvyat,AlphaTauri Honda,11.0,53,22.208,2.0,2020
989,Italy,10,11,Sergio Perez,Aston Martin,4.0,53,23.224,1.0,2020
1000,Tuscany,1,44,Lewis Hamilton,Mercedes,1.0,59,19:35.1,26.0,2020
1001,Tuscany,2,77,Valtteri Bottas,Mercedes,2.0,59,4.88,18.0,2020
1002,Tuscany,3,23,Alexander Albon,Red Bull Racing Honda,4.0,59,8.064,15.0,2020
1003,Tuscany,4,3,Daniel Ricciardo,Alpine,8.0,59,10.417,12.0,2020
1004,Tuscany,5,11,Sergio Perez,Aston Martin,7.0,59,15.65,10.0,2020
1005,Tuscany,6,4,Lando Norris,McLaren Renault,11.0,59,18.883,8.0,2020
1006,Tuscany,7,26,Daniil Kvyat,AlphaTauri Honda,12.0,59,21.756,6.0,2020
1007,Tuscany,8,16,Charles Leclerc,Ferrari,5.0,59,28.345,4.0,2020
1008,Tuscany,9,7,Kimi RaikkAAPnen,Alfa Romeo Racing Ferrari,13.0,59,29.77,2.0,2020
1009,Tuscany,10,5,Sebastian Vettel,Ferrari,14.0,59,29.983,1.0,2020
1020,Russia,1,77,Valtteri Bottas,Mercedes,3.0,53,34:00.4,26.0,2020
1021,Russia,2,33,Max Verstappen,Red Bull Racing Honda,2.0,53,7.729,18.0,2020
1022,Russia,3,44,Lewis Hamilton,Mercedes,1.0,53,22.729,15.0,2020
1023,Russia,4,11,Sergio Perez,Aston Martin,4.0,53,30.558,12.0,2020
1024,Russia,5,3,Daniel Ricciardo,Alpine,5.0,53,52.065,10.0,2020
1025,Russia,6,16,Charles Leclerc,Ferrari,10.0,53,62.186,8.0,2020
1026,Russia,7,31,Esteban Ocon,Alpine,7.0,53,68.006,6.0,2020
1027,Russia,8,26,Daniil Kvyat,AlphaTauri Honda,11.0,53,68.74,4.0,2020
1028,Russia,9,10,Pierre Gasly,AlphaTauri Honda,9.0,53,89.766,2.0,2020
1029,Russia,10,23,Alexander Albon,Red Bull Racing Honda,15.0,53,97.86,1.0,2020
1040,Eifel,1,44,Lewis Hamilton,Mercedes,2.0,60,35:49.6,25.0,2020
1041,Eifel,2,33,Max Verstappen,Red Bull Racing Honda,3.0,60,4.47,19.0,2020
1042,Eifel,3,3,Daniel Ricciardo,Alpine,6.0,60,14.631,15.0,2020
1043,Eifel,4,11,Sergio Perez,Aston Martin,9.0,60,16.07,12.0,2020
1044,Eifel,5,55,Carlos Sainz,McLaren Renault,10.0,60,21.905,10.0,2020
1045,Eifel,6,10,Pierre Gasly,AlphaTauri Honda,12.0,60,22.766,8.0,2020
1046,Eifel,7,16,Charles Leclerc,Ferrari,4.0,60,30.841,6.0,2020
1047,Eifel,8,27,Nico Hulkenberg,Aston Martin,20.0,60,32.596,4.0,2020
1048,Eifel,9,8,Romain Grosjean,Haas Ferrari,16.0,60,39.081,2.0,2020
1049,Eifel,10,99,Antonio Giovinazzi,Alfa Romeo Racing Ferrari,14.0,60,40.035,1.0,2020
1060,Portugal,1,44,Lewis Hamilton,Mercedes,1.0,66,29:56.8,26.0,2020
1061,Portugal,2,77,Valtteri Bottas,Mercedes,2.0,66,25.592,18.0,2020
1062,Portugal,3,33,Max Verstappen,Red Bull Racing Honda,3.0,66,34.508,15.0,2020
1063,Portugal,4,16,Charles Leclerc,Ferrari,4.0,66,65.312,12.0,2020
1064,Portugal,5,10,Pierre Gasly,AlphaTauri Honda,9.0,65,+1 lap,10.0,2020
1065,Portugal,6,55,Carlos Sainz,McLaren Renault,7.0,65,+1 lap,8.0,2020
1066,Portugal,7,11,Sergio Perez,Aston Martin,5.0,65,+1 lap,6.0,2020
1067,Portugal,8,31,Esteban Ocon,Alpine,11.0,65,+1 lap,4.0,2020
1068,Portugal,9,3,Daniel Ricciardo,Alpine,10.0,65,+1 lap,2.0,2020
1069,Portugal,10,5,Sebastian Vettel,Ferrari,15.0,65,+1 lap,1.0,2020
1080,Emilia Romagna,1,44,Lewis Hamilton,Mercedes,2.0,63,28:32.4,26.0,2020
1081,Emilia Romagna,2,77,Valtteri Bottas,Mercedes,1.0,63,5.783,18.0,2020
1082,Emilia Romagna,3,3,Daniel Ricciardo,Alpine,5.0,63,14.32,15.0,2020
1083,Emilia Romagna,4,26,Daniil Kvyat,AlphaTauri Honda,8.0,63,15.141,12.0,2020
1084,Emilia Romagna,5,16,Charles Leclerc,Ferrari,7.0,63,19.111,10.0,2020
1085,Emilia Romagna,6,11,Sergio Perez,Aston Martin,11.0,63,19.652,8.0,2020
1086,Emilia Romagna,7,55,Carlos Sainz,McLaren Renault,10.0,63,20.23,6.0,2020
1087,Emilia Romagna,8,4,Lando Norris,McLaren Renault,9.0,63,21.131,4.0,2020
1088,Emilia Romagna,9,7,Kimi RaikkAAPnen,Alfa Romeo Racing Ferrari,18.0,63,22.224,2.0,2020
1089,Emilia Romagna,10,99,Antonio Giovinazzi,Alfa Romeo Racing Ferrari,20.0,63,26.398,1.0,2020
1100,Turkey,1,44,Lewis Hamilton,Mercedes,6.0,58,42:19.3,25.0,2020
1101,Turkey,2,11,Sergio Perez,Aston Martin,3.0,58,31.633,18.0,2020
1102,Turkey,3,5,Sebastian Vettel,Ferrari,11.0,58,31.96,15.0,2020
1103,Turkey,4,16,Charles Leclerc,Ferrari,12.0,58,33.858,12.0,2020
1104,Turkey,5,55,Carlos Sainz,McLaren Renault,15.0,58,34.363,10.0,2020
1105,Turkey,6,33,Max Verstappen,Red Bull Racing Honda,2.0,58,44.873,8.0,2020
1106,Turkey,7,23,Alexander Albon,Red Bull Racing Honda,4.0,58,46.484,6.0,2020
1107,Turkey,8,4,Lando Norris,McLaren Renault,14.0,58,61.259,5.0,2020
1108,Turkey,9,18,Lance Stroll,Aston Martin,1.0,58,72.353,2.0,2020
1109,Turkey,10,3,Daniel Ricciardo,Alpine,5.0,58,95.46,1.0,2020
1120,Bahrain,1,44,Lewis Hamilton,Mercedes,1.0,57,59:47.5,25.0,2020
1121,Bahrain,2,33,Max Verstappen,Red Bull Racing Honda,3.0,57,1.254,19.0,2020
1122,Bahrain,3,23,Alexander Albon,Red Bull Racing Honda,4.0,57,8.005,15.0,2020
1123,Bahrain,4,4,Lando Norris,McLaren Renault,9.0,57,11.337,12.0,2020
1124,Bahrain,5,55,Carlos Sainz,McLaren Renault,15.0,57,11.787,10.0,2020
1125,Bahrain,6,10,Pierre Gasly,AlphaTauri Honda,8.0,57,11.942,8.0,2020
1126,Bahrain,7,3,Daniel Ricciardo,Alpine,6.0,57,19.368,6.0,2020
1127,Bahrain,8,77,Valtteri Bottas,Mercedes,2.0,57,19.68,4.0,2020
1128,Bahrain,9,31,Esteban Ocon,Alpine,7.0,57,22.803,2.0,2020
1129,Bahrain,10,16,Charles Leclerc,Ferrari,12.0,56,+1 lap,1.0,2020
1140,Sakhir,1,11,Sergio Perez,Aston Martin,5.0,87,31:15.1,25.0,2020
1141,Sakhir,2,31,Esteban Ocon,Alpine,11.0,87,10.518,18.0,2020
1142,Sakhir,3,18,Lance Stroll,Aston Martin,10.0,87,11.869,15.0,2020
1143,Sakhir,4,55,Carlos Sainz,McLaren Renault,8.0,87,12.58,12.0,2020
1144,Sakhir,5,3,Daniel Ricciardo,Alpine,7.0,87,13.33,10.0,2020
1145,Sakhir,6,23,Alexander Albon,Red Bull Racing Honda,12.0,87,13.842,8.0,2020
1146,Sakhir,7,26,Daniil Kvyat,AlphaTauri Honda,6.0,87,14.534,6.0,2020
1147,Sakhir,8,77,Valtteri Bottas,Mercedes,1.0,87,15.389,4.0,2020
1148,Sakhir,9,63,George Russell,Mercedes,2.0,87,18.556,3.0,2020
1149,Sakhir,10,4,Lando Norris,McLaren Renault,15.0,87,19.541,1.0,2020
1160,Abu Dhabi,1,33,Max Verstappen,Red Bull Racing Honda,1.0,55,36:28.6,25.0,2020
1161,Abu Dhabi,2,77,Valtteri Bottas,Mercedes,2.0,55,15.976,18.0,2020
1162,Abu Dhabi,3,44,Lewis Hamilton,Mercedes,3.0,55,18.415,15.0,2020
1163,Abu Dhabi,4,23,Alexander Albon,Red Bull Racing Honda,5.0,55,19.987,12.0,2020
1164,Abu Dhabi,5,4,Lando Norris,McLaren Renault,4.0,55,60.729,10.0,2020
1165,Abu Dhabi,6,55,Carlos Sainz,McLaren Renault,6.0,55,65.662,8.0,2020
1166,Abu Dhabi,7,3,Daniel Ricciardo,Alpine,11.0,55,73.748,7.0,2020
1167,Abu Dhabi,8,10,Pierre Gasly,AlphaTauri Honda,9.0,55,89.718,4.0,2020
1168,Abu Dhabi,9,31,Esteban Ocon,Alpine,10.0,55,101.069,2.0,2020
1169,Abu Dhabi,10,18,Lance Stroll,Aston Martin,8.0,55,102.738,1.0,2020
1180,Bahrain,1,44,Lewis Hamilton,Mercedes,2.0,56,32:03.9,25.0,2021
1181,Bahrain,2,33,Max Verstappen,Red Bull Racing Honda,1.0,56,0.745,18.0,2021
1182,Bahrain,3,77,Valtteri Bottas,Mercedes,3.0,56,37.383,16.0,2021
1183,Bahrain,4,4,Lando Norris,McLaren Mercedes,7.0,56,46.466,12.0,2021
1184,Bahrain,5,11,Sergio Perez,Red Bull Racing Honda,11.0,56,52.047,10.0,2021
1185,Bahrain,6,16,Charles Leclerc,Ferrari,4.0,56,59.09,8.0,2021
1186,Bahrain,7,3,Daniel Ricciardo,McLaren Mercedes,6.0,56,66.004,6.0,2021
1187,Bahrain,8,55,Carlos Sainz,Ferrari,8.0,56,67.1,4.0,2021
1188,Bahrain,9,22,Yuki Tsunoda,AlphaTauri Honda,13.0,56,85.692,2.0,2021
1189,Bahrain,10,18,Lance Stroll,Aston Martin Mercedes,10.0,56,86.713,1.0,2021
1200,Emilia Romagna,1,33,Max Verstappen,Red Bull Racing Honda,2.0,63,02:34.6,25.0,2021
1201,Emilia Romagna,2,44,Lewis Hamilton,Mercedes,1.0,63,22,19.0,2021
1202,Emilia Romagna,3,4,Lando Norris,McLaren Mercedes,7.0,63,23.702,15.0,2021
1203,Emilia Romagna,4,16,Charles Leclerc,Ferrari,4.0,63,25.579,12.0,2021
1204,Emilia Romagna,5,55,Carlos Sainz,Ferrari,11.0,63,27.036,10.0,2021
1205,Emilia Romagna,6,3,Daniel Ricciardo,McLaren Mercedes,6.0,63,51.22,8.0,2021
1206,Emilia Romagna,7,10,Pierre Gasly,AlphaTauri Honda,5.0,63,52.818,6.0,2021
1207,Emilia Romagna,8,18,Lance Stroll,Aston Martin Mercedes,10.0,63,56.909,4.0,2021
1208,Emilia Romagna,9,31,Esteban Ocon,Alpine Renault,9.0,63,65.704,2.0,2021
1209,Emilia Romagna,10,14,Fernando Alonso,Alpine Renault,15.0,63,66.561,1.0,2021
1220,Portugal,1,44,Lewis Hamilton,Mercedes,2.0,66,34:31.4,25.0,2021
1221,Portugal,2,33,Max Verstappen,Red Bull Racing Honda,3.0,66,29.148,18.0,2021
1222,Portugal,3,77,Valtteri Bottas,Mercedes,1.0,66,33.53,16.0,2021
1223,Portugal,4,11,Sergio Perez,Red Bull Racing Honda,4.0,66,39.735,12.0,2021
1224,Portugal,5,4,Lando Norris,McLaren Mercedes,7.0,66,51.369,10.0,2021
1225,Portugal,6,16,Charles Leclerc,Ferrari,8.0,66,55.781,8.0,2021
1226,Portugal,7,31,Esteban Ocon,Alpine Renault,6.0,66,63.749,6.0,2021
1227,Portugal,8,14,Fernando Alonso,Alpine Renault,13.0,66,64.808,4.0,2021
1228,Portugal,9,3,Daniel Ricciardo,McLaren Mercedes,16.0,66,75.369,2.0,2021
1229,Portugal,10,10,Pierre Gasly,AlphaTauri Honda,9.0,66,76.463,1.0,2021
1240,Spain,1,44,Lewis Hamilton,Mercedes,1.0,66,33:07.7,25.0,2021
1241,Spain,2,33,Max Verstappen,Red Bull Racing Honda,2.0,66,15.841,19.0,2021
1242,Spain,3,77,Valtteri Bottas,Mercedes,3.0,66,26.61,15.0,2021
1243,Spain,4,16,Charles Leclerc,Ferrari,4.0,66,54.616,12.0,2021
1244,Spain,5,11,Sergio Perez,Red Bull Racing Honda,8.0,66,63.671,10.0,2021
1245,Spain,6,3,Daniel Ricciardo,McLaren Mercedes,7.0,66,73.768,8.0,2021
1246,Spain,7,55,Carlos Sainz,Ferrari,6.0,66,74.67,6.0,2021
1247,Spain,8,4,Lando Norris,McLaren Mercedes,9.0,65,+1 lap,4.0,2021
1248,Spain,9,31,Esteban Ocon,Alpine Renault,5.0,65,+1 lap,2.0,2021
1249,Spain,10,10,Pierre Gasly,AlphaTauri Honda,12.0,65,+1 lap,1.0,2021
1260,Monaco,1,33,Max Verstappen,Red Bull Racing Honda,2.0,78,38:56.8,25.0,2021
1261,Monaco,2,55,Carlos Sainz,Ferrari,4.0,78,8.968,18.0,2021
1262,Monaco,3,4,Lando Norris,McLaren Mercedes,5.0,78,19.427,15.0,2021
1263,Monaco,4,11,Sergio Perez,Red Bull Racing Honda,9.0,78,20.49,12.0,2021
1264,Monaco,5,5,Sebastian Vettel,Aston Martin Mercedes,8.0,78,52.591,10.0,2021
1265,Monaco,6,10,Pierre Gasly,AlphaTauri Honda,6.0,78,53.896,8.0,2021
1266,Monaco,7,44,Lewis Hamilton,Mercedes,7.0,78,68.231,7.0,2021
1267,Monaco,8,18,Lance Stroll,Aston Martin Mercedes,13.0,77,+1 lap,4.0,2021
1268,Monaco,9,31,Esteban Ocon,Alpine Renault,11.0,77,+1 lap,2.0,2021
1269,Monaco,10,99,Antonio Giovinazzi,Alfa Romeo Racing Ferrari,10.0,77,+1 lap,1.0,2021
1280,Azerbaijan,1,11,Sergio Perez,Red Bull Racing Honda,6.0,51,13:36.4,25.0,2021
1281,Azerbaijan,2,5,Sebastian Vettel,Aston Martin Mercedes,11.0,51,1.385,18.0,2021
1282,Azerbaijan,3,10,Pierre Gasly,AlphaTauri Honda,4.0,51,2.762,15.0,2021
1283,Azerbaijan,4,16,Charles Leclerc,Ferrari,1.0,51,3.828,12.0,2021
1284,Azerbaijan,5,4,Lando Norris,McLaren Mercedes,9.0,51,4.754,10.0,2021
1285,Azerbaijan,6,14,Fernando Alonso,Alpine Renault,8.0,51,6.382,8.0,2021
1286,Azerbaijan,7,22,Yuki Tsunoda,AlphaTauri Honda,7.0,51,6.624,6.0,2021
1287,Azerbaijan,8,55,Carlos Sainz,Ferrari,5.0,51,7.709,4.0,2021
1288,Azerbaijan,9,3,Daniel Ricciardo,McLaren Mercedes,13.0,51,8.874,2.0,2021
1289,Azerbaijan,10,7,Kimi RaikkAAPnen,Alfa Romeo Racing Ferrari,14.0,51,9.576,1.0,2021
1300,France,1,33,Max Verstappen,Red Bull Racing Honda,1.0,53,27:25.8,26.0,2021
1301,France,2,44,Lewis Hamilton,Mercedes,2.0,53,2.904,18.0,2021
1302,France,3,11,Sergio Perez,Red Bull Racing Honda,4.0,53,8.811,15.0,2021
1303,France,4,77,Valtteri Bottas,Mercedes,3.0,53,14.618,12.0,2021
1304,France,5,4,Lando Norris,McLaren Mercedes,8.0,53,64.032,10.0,2021
1305,France,6,3,Daniel Ricciardo,McLaren Mercedes,10.0,53,75.857,8.0,2021
1306,France,7,10,Pierre Gasly,AlphaTauri Honda,6.0,53,76.596,6.0,2021
1307,France,8,14,Fernando Alonso,Alpine Renault,9.0,53,77.695,4.0,2021
1308,France,9,5,Sebastian Vettel,Aston Martin Mercedes,12.0,53,79.666,2.0,2021
1309,France,10,18,Lance Stroll,Aston Martin Mercedes,19.0,53,91.946,1.0,2021
1320,Styria,1,33,Max Verstappen,Red Bull Racing Honda,1.0,71,22:18.9,25.0,2021
1321,Styria,2,44,Lewis Hamilton,Mercedes,2.0,71,35.743,19.0,2021
1322,Styria,3,77,Valtteri Bottas,Mercedes,5.0,71,46.907,15.0,2021
1323,Styria,4,11,Sergio Perez,Red Bull Racing Honda,4.0,71,47.434,12.0,2021
1324,Styria,5,4,Lando Norris,McLaren Mercedes,3.0,70,+1 lap,10.0,2021
1325,Styria,6,55,Carlos Sainz,Ferrari,12.0,70,+1 lap,8.0,2021
1326,Styria,7,16,Charles Leclerc,Ferrari,7.0,70,+1 lap,6.0,2021
1327,Styria,8,18,Lance Stroll,Aston Martin Mercedes,9.0,70,+1 lap,4.0,2021
1328,Styria,9,14,Fernando Alonso,Alpine Renault,8.0,70,+1 lap,2.0,2021
1329,Styria,10,22,Yuki Tsunoda,AlphaTauri Honda,11.0,70,+1 lap,1.0,2021
1340,Austria,1,33,Max Verstappen,Red Bull Racing Honda,1.0,71,23:54.5,26.0,2021
1341,Austria,2,77,Valtteri Bottas,Mercedes,5.0,71,17.973,18.0,2021
1342,Austria,3,4,Lando Norris,McLaren Mercedes,2.0,71,20.019,15.0,2021
1343,Austria,4,44,Lewis Hamilton,Mercedes,4.0,71,46.452,12.0,2021
1344,Austria,5,55,Carlos Sainz,Ferrari,10.0,71,57.144,10.0,2021
1345,Austria,6,11,Sergio Perez,Red Bull Racing Honda,3.0,71,57.915,8.0,2021
1346,Austria,7,3,Daniel Ricciardo,McLaren Mercedes,13.0,71,60.395,6.0,2021
1347,Austria,8,16,Charles Leclerc,Ferrari,12.0,71,61.195,4.0,2021
1348,Austria,9,10,Pierre Gasly,AlphaTauri Honda,6.0,71,61.844,2.0,2021
1349,Austria,10,14,Fernando Alonso,Alpine Renault,14.0,70,+1 lap,1.0,2021
1360,Great Britain,1,44,Lewis Hamilton,Mercedes,2.0,52,58:23.3,25.0,2021
1361,Great Britain,2,16,Charles Leclerc,Ferrari,4.0,52,3.871,18.0,2021
1362,Great Britain,3,77,Valtteri Bottas,Mercedes,3.0,52,11.215,15.0,2021
1363,Great Britain,4,4,Lando Norris,McLaren Mercedes,5.0,52,28.573,12.0,2021
1364,Great Britain,5,3,Daniel Ricciardo,McLaren Mercedes,6.0,52,42.624,10.0,2021
1365,Great Britain,6,55,Carlos Sainz,Ferrari,10.0,52,43.454,8.0,2021
1366,Great Britain,7,14,Fernando Alonso,Alpine Renault,7.0,52,72.093,6.0,2021
1367,Great Britain,8,18,Lance Stroll,Aston Martin Mercedes,14.0,52,74.289,4.0,2021
1368,Great Britain,9,31,Esteban Ocon,Alpine Renault,9.0,52,76.162,2.0,2021
1369,Great Britain,10,22,Yuki Tsunoda,AlphaTauri Honda,,52,82.065,1.0,2021
1380,Hungary,1,31,Esteban Ocon,Alpine Renault,8.0,70,04:43.2,25.0,2021
1382,Hungary,2,44,Lewis Hamilton,Mercedes,1.0,70,2.736,18.0,2021
1383,Hungary,3,55,Carlos Sainz,Ferrari,15.0,70,15.018,15.0,2021
1384,Hungary,4,14,Fernando Alonso,Alpine Renault,9.0,70,15.651,12.0,2021
1385,Hungary,5,10,Pierre Gasly,AlphaTauri Honda,5.0,70,63.614,11.0,2021
1386,Hungary,6,22,Yuki Tsunoda,AlphaTauri Honda,16.0,70,75.803,8.0,2021
1387,Hungary,7,6,Nicholas Latifi,Williams Mercedes,18.0,70,77.91,6.0,2021
1388,Hungary,8,63,George Russell,Williams Mercedes,17.0,70,79.094,4.0,2021
1389,Hungary,9,33,Max Verstappen,Red Bull Racing Honda,3.0,70,80.244,2.0,2021
1390,Hungary,10,7,Kimi RaikkAAPnen,Alfa Romeo Racing Ferrari,13.0,69,+1 lap,1.0,2021
1400,Belgium,1,33,Max Verstappen,Red Bull Racing Honda,1.0,1,03:27.1,12.5,2021
1401,Belgium,2,63,George Russell,Williams Mercedes,2.0,1,1.995,9.0,2021
1402,Belgium,3,44,Lewis Hamilton,Mercedes,3.0,1,2.601,7.5,2021
1403,Belgium,4,3,Daniel Ricciardo,McLaren Mercedes,4.0,1,4.496,6.0,2021
1404,Belgium,5,5,Sebastian Vettel,Aston Martin Mercedes,5.0,1,7.479,5.0,2021
1405,Belgium,6,10,Pierre Gasly,AlphaTauri Honda,6.0,1,10.177,4.0,2021
1406,Belgium,7,31,Esteban Ocon,Alpine Renault,8.0,1,11.579,3.0,2021
1407,Belgium,8,16,Charles Leclerc,Ferrari,9.0,1,12.608,2.0,2021
1408,Belgium,9,6,Nicholas Latifi,Williams Mercedes,10.0,1,15.484,1.0,2021
1409,Belgium,10,55,Carlos Sainz,Ferrari,11.0,1,16.166,0.5,2021
1420,Netherlands,1,33,Max Verstappen,Red Bull Racing Honda,1.0,72,30:05.4,25.0,2021
1421,Netherlands,2,44,Lewis Hamilton,Mercedes,2.0,72,20.932,19.0,2021
1422,Netherlands,3,77,Valtteri Bottas,Mercedes,3.0,72,56.46,15.0,2021
1423,Netherlands,4,10,Pierre Gasly,AlphaTauri Honda,4.0,71,+1 lap,12.0,2021
1424,Netherlands,5,16,Charles Leclerc,Ferrari,5.0,71,+1 lap,10.0,2021
1425,Netherlands,6,14,Fernando Alonso,Alpine Renault,9.0,71,+1 lap,8.0,2021
1426,Netherlands,7,55,Carlos Sainz,Ferrari,6.0,71,+1 lap,6.0,2021
1427,Netherlands,8,11,Sergio Perez,Red Bull Racing Honda,20.0,71,+1 lap,4.0,2021
1428,Netherlands,9,31,Esteban Ocon,Alpine Renault,8.0,71,+1 lap,2.0,2021
1429,Netherlands,10,4,Lando Norris,McLaren Mercedes,13.0,71,+1 lap,1.0,2021
1440,Italy,1,3,Daniel Ricciardo,McLaren Mercedes,2.0,53,21:54.4,26.0,2021
1441,Italy,2,4,Lando Norris,McLaren Mercedes,3.0,53,1.747,18.0,2021
1442,Italy,3,77,Valtteri Bottas,Mercedes,19.0,53,4.921,15.0,2021
1443,Italy,4,16,Charles Leclerc,Ferrari,5.0,53,7.309,12.0,2021
1444,Italy,5,11,Sergio Perez,Red Bull Racing Honda,8.0,53,8.723,10.0,2021
1445,Italy,6,55,Carlos Sainz,Ferrari,6.0,53,10.535,8.0,2021
1446,Italy,7,18,Lance Stroll,Aston Martin Mercedes,9.0,53,15.804,6.0,2021
1447,Italy,8,14,Fernando Alonso,Alpine Renault,10.0,53,17.201,4.0,2021
1448,Italy,9,63,George Russell,Williams Mercedes,14.0,53,19.742,2.0,2021
1449,Italy,10,31,Esteban Ocon,Alpine Renault,12.0,53,20.868,1.0,2021
1460,Russia,1,44,Lewis Hamilton,Mercedes,4.0,53,30:41.0,25.0,2021
1461,Russia,2,33,Max Verstappen,Red Bull Racing Honda,20.0,53,53.271,18.0,2021
1462,Russia,3,55,Carlos Sainz,Ferrari,2.0,53,62.475,15.0,2021
1463,Russia,4,3,Daniel Ricciardo,McLaren Mercedes,5.0,53,65.607,12.0,2021
1464,Russia,5,77,Valtteri Bottas,Mercedes,16.0,53,67.533,10.0,2021
1465,Russia,6,14,Fernando Alonso,Alpine Renault,6.0,53,81.321,8.0,2021
1466,Russia,7,4,Lando Norris,McLaren Mercedes,1.0,53,87.224,7.0,2021
1467,Russia,8,7,Kimi RaikkAAPnen,Alfa Romeo Racing Ferrari,13.0,53,88.955,4.0,2021
1468,Russia,9,11,Sergio Perez,Red Bull Racing Honda,8.0,53,90.076,2.0,2021
1469,Russia,10,63,George Russell,Williams Mercedes,3.0,53,100.551,1.0,2021
1480,Turkey,1,77,Valtteri Bottas,Mercedes,1.0,58,31:04.1,26.0,2021
1481,Turkey,2,33,Max Verstappen,Red Bull Racing Honda,2.0,58,14.584,18.0,2021
1482,Turkey,3,11,Sergio Perez,Red Bull Racing Honda,6.0,58,33.471,15.0,2021
1483,Turkey,4,16,Charles Leclerc,Ferrari,3.0,58,37.814,12.0,2021
1484,Turkey,5,44,Lewis Hamilton,Mercedes,11.0,58,41.812,10.0,2021
1485,Turkey,6,10,Pierre Gasly,AlphaTauri Honda,4.0,58,44.292,8.0,2021
1486,Turkey,7,4,Lando Norris,McLaren Mercedes,7.0,58,47.213,6.0,2021
1487,Turkey,8,55,Carlos Sainz,Ferrari,19.0,58,51.526,4.0,2021
1488,Turkey,9,18,Lance Stroll,Aston Martin Mercedes,8.0,58,82.018,2.0,2021
1489,Turkey,10,31,Esteban Ocon,Alpine Renault,12.0,57,+1 lap,1.0,2021
1500,United States,1,33,Max Verstappen,Red Bull Racing Honda,1.0,56,34:36.6,25.0,2021
1501,United States,2,44,Lewis Hamilton,Mercedes,2.0,56,1.333,19.0,2021
1502,United States,3,11,Sergio Perez,Red Bull Racing Honda,3.0,56,42.223,15.0,2021
1503,United States,4,16,Charles Leclerc,Ferrari,4.0,56,52.246,12.0,2021
1504,United States,5,3,Daniel Ricciardo,McLaren Mercedes,6.0,56,76.854,10.0,2021
1505,United States,6,77,Valtteri Bottas,Mercedes,9.0,56,80.128,8.0,2021
1506,United States,7,55,Carlos Sainz,Ferrari,5.0,56,83.545,6.0,2021
1507,United States,8,4,Lando Norris,McLaren Mercedes,7.0,56,94.395,4.0,2021
1508,United States,9,22,Yuki Tsunoda,AlphaTauri Honda,10.0,55,+1 lap,2.0,2021
1509,United States,10,5,Sebastian Vettel,Aston Martin Mercedes,18.0,55,+1 lap,1.0,2021
1520,Mexico,1,33,Max Verstappen,Red Bull Racing Honda,3.0,71,38:39.1,25.0,2021
1521,Mexico,2,44,Lewis Hamilton,Mercedes,2.0,71,16.555,18.0,2021
1522,Mexico,3,11,Sergio Perez,Red Bull Racing Honda,4.0,71,17.752,15.0,2021
1523,Mexico,4,10,Pierre Gasly,AlphaTauri Honda,5.0,71,63.845,12.0,2021
1524,Mexico,5,16,Charles Leclerc,Ferrari,8.0,71,81.037,10.0,2021
1525,Mexico,6,55,Carlos Sainz,Ferrari,6.0,70,+1 lap,8.0,2021
1526,Mexico,7,5,Sebastian Vettel,Aston Martin Mercedes,9.0,70,+1 lap,6.0,2021
1527,Mexico,8,7,Kimi RaikkAAPnen,Alfa Romeo Racing Ferrari,10.0,70,+1 lap,4.0,2021
1528,Mexico,9,14,Fernando Alonso,Alpine Renault,12.0,70,+1 lap,2.0,2021
1529,Mexico,10,4,Lando Norris,McLaren Mercedes,18.0,70,+1 lap,1.0,2021
1540,Brazil,1,44,Lewis Hamilton,Mercedes,10.0,71,32:22.9,25.0,2021
1541,Brazil,2,33,Max Verstappen,Red Bull Racing Honda,2.0,71,10.496,18.0,2021
1542,Brazil,3,77,Valtteri Bottas,Mercedes,1.0,71,13.576,15.0,2021
1543,Brazil,4,11,Sergio Perez,Red Bull Racing Honda,4.0,71,39.94,13.0,2021
1544,Brazil,5,16,Charles Leclerc,Ferrari,6.0,71,49.517,10.0,2021
1545,Brazil,6,55,Carlos Sainz,Ferrari,3.0,71,51.82,8.0,2021
1546,Brazil,7,10,Pierre Gasly,AlphaTauri Honda,7.0,70,+1 lap,6.0,2021
1547,Brazil,8,31,Esteban Ocon,Alpine Renault,8.0,70,+1 lap,4.0,2021
1548,Brazil,9,14,Fernando Alonso,Alpine Renault,12.0,70,+1 lap,2.0,2021
1549,Brazil,10,4,Lando Norris,McLaren Mercedes,5.0,70,+1 lap,1.0,2021
1560,Qatar,1,44,Lewis Hamilton,Mercedes,1.0,57,24:28.5,25.0,2021
1561,Qatar,2,33,Max Verstappen,Red Bull Racing Honda,7.0,57,25.743,19.0,2021
1562,Qatar,3,14,Fernando Alonso,Alpine Renault,3.0,57,59.457,15.0,2021
1563,Qatar,4,11,Sergio Perez,Red Bull Racing Honda,11.0,57,62.306,12.0,2021
1564,Qatar,5,31,Esteban Ocon,Alpine Renault,9.0,57,80.57,10.0,2021
1565,Qatar,6,18,Lance Stroll,Aston Martin Mercedes,12.0,57,81.274,8.0,2021
1566,Qatar,7,55,Carlos Sainz,Ferrari,5.0,57,81.911,6.0,2021
1567,Qatar,8,16,Charles Leclerc,Ferrari,13.0,57,83.126,4.0,2021
1568,Qatar,9,4,Lando Norris,McLaren Mercedes,4.0,56,+1 lap,2.0,2021
1569,Qatar,10,5,Sebastian Vettel,Aston Martin Mercedes,10.0,56,+1 lap,1.0,2021
1580,Saudi Arabia,1,44,Lewis Hamilton,Mercedes,1.0,50,06:15.1,26.0,2021
1581,Saudi Arabia,2,33,Max Verstappen,Red Bull Racing Honda,3.0,50,21.825,18.0,2021
1582,Saudi Arabia,3,77,Valtteri Bottas,Mercedes,2.0,50,27.531,15.0,2021
1583,Saudi Arabia,4,31,Esteban Ocon,Alpine Renault,9.0,50,27.633,12.0,2021
1584,Saudi Arabia,5,3,Daniel Ricciardo,McLaren Mercedes,11.0,50,40.121,10.0,2021
1585,Saudi Arabia,6,10,Pierre Gasly,AlphaTauri Honda,6.0,50,41.613,8.0,2021
1586,Saudi Arabia,7,16,Charles Leclerc,Ferrari,4.0,50,44.475,6.0,2021
1587,Saudi Arabia,8,55,Carlos Sainz,Ferrari,15.0,50,46.606,4.0,2021
1588,Saudi Arabia,9,99,Antonio Giovinazzi,Alfa Romeo Racing Ferrari,10.0,50,58.505,2.0,2021
1589,Saudi Arabia,10,4,Lando Norris,McLaren Mercedes,7.0,50,61.358,1.0,2021
1600,Abu Dhabi,1,33,Max Verstappen,Red Bull Racing Honda,1.0,58,30:17.3,26.0,2021
1601,Abu Dhabi,2,44,Lewis Hamilton,Mercedes,2.0,58,2.256,18.0,2021
1602,Abu Dhabi,3,55,Carlos Sainz,Ferrari,5.0,58,5.173,15.0,2021
1603,Abu Dhabi,4,22,Yuki Tsunoda,AlphaTauri Honda,8.0,58,5.692,12.0,2021
1604,Abu Dhabi,5,10,Pierre Gasly,AlphaTauri Honda,12.0,58,6.531,10.0,2021
1605,Abu Dhabi,6,77,Valtteri Bottas,Mercedes,6.0,58,7.463,8.0,2021
1606,Abu Dhabi,7,4,Lando Norris,McLaren Mercedes,3.0,58,59.2,6.0,2021
1607,Abu Dhabi,8,14,Fernando Alonso,Alpine Renault,11.0,58,61.708,4.0,2021
1608,Abu Dhabi,9,31,Esteban Ocon,Alpine Renault,9.0,58,64.026,2.0,2021
1609,Abu Dhabi,10,16,Charles Leclerc,Ferrari,7.0,58,66.057,1.0,2021
1620,Bahrain,1,16,Charles Leclerc,Ferrari,1.0,57,37:33.6,26.0,2022
1621,Bahrain,2,55,Carlos Sainz,Ferrari,3.0,57,5.598,18.0,2022
1622,Bahrain,3,44,Lewis Hamilton,Mercedes,5.0,57,9.675,15.0,2022
1623,Bahrain,4,63,George Russell,Mercedes,9.0,57,11.211,12.0,2022
1624,Bahrain,5,20,Kevin Magnussen,Haas Ferrari,7.0,57,14.754,10.0,2022
1625,Bahrain,6,77,Valtteri Bottas,Alfa Romeo Ferrari,6.0,57,16.119,8.0,2022
1626,Bahrain,7,31,Esteban Ocon,Alpine Renault,11.0,57,19.423,6.0,2022
1627,Bahrain,8,22,Yuki Tsunoda,AlphaTauri RBPT,16.0,57,20.386,4.0,2022
1628,Bahrain,9,14,Fernando Alonso,Alpine Renault,8.0,57,22.39,2.0,2022
1629,Bahrain,10,24,Guanyu Zhou,Alfa Romeo Ferrari,15.0,57,23.064,1.0,2022
1640,Saudi Arabia,1,1,Max Verstappen,Red Bull Racing RBPT,4.0,50,24:19.3,25.0,2022
1641,Saudi Arabia,2,16,Charles Leclerc,Ferrari,2.0,50,0.549,19.0,2022
1642,Saudi Arabia,3,55,Carlos Sainz,Ferrari,3.0,50,8.097,15.0,2022
1643,Saudi Arabia,4,11,Sergio Perez,Red Bull Racing RBPT,1.0,50,10.8,12.0,2022
1644,Saudi Arabia,5,63,George Russell,Mercedes,6.0,50,32.732,10.0,2022
1645,Saudi Arabia,6,31,Esteban Ocon,Alpine Renault,5.0,50,56.017,8.0,2022
1646,Saudi Arabia,7,4,Lando Norris,McLaren Mercedes,11.0,50,56.124,6.0,2022
1647,Saudi Arabia,8,10,Pierre Gasly,AlphaTauri RBPT,9.0,50,62.946,4.0,2022
1648,Saudi Arabia,9,20,Kevin Magnussen,Haas Ferrari,10.0,50,64.308,2.0,2022
1649,Saudi Arabia,10,44,Lewis Hamilton,Mercedes,15.0,50,73.948,1.0,2022
1660,Australia,1,16,Charles Leclerc,Ferrari,1.0,58,27:46.5,26.0,2022
1661,Australia,2,11,Sergio Perez,Red Bull Racing RBPT,3.0,58,20.524,18.0,2022
1662,Australia,3,63,George Russell,Mercedes,6.0,58,25.593,15.0,2022
1663,Australia,4,44,Lewis Hamilton,Mercedes,5.0,58,28.543,12.0,2022
1664,Australia,5,4,Lando Norris,McLaren Mercedes,4.0,58,53.303,10.0,2022
1665,Australia,6,3,Daniel Ricciardo,McLaren Mercedes,7.0,58,53.737,8.0,2022
1666,Australia,7,31,Esteban Ocon,Alpine Renault,8.0,58,61.683,6.0,2022
1667,Australia,8,77,Valtteri Bottas,Alfa Romeo Ferrari,12.0,58,68.439,4.0,2022
1668,Australia,9,10,Pierre Gasly,AlphaTauri RBPT,11.0,58,76.221,2.0,2022
1669,Australia,10,23,Alexander Albon,Williams Mercedes,20.0,58,79.382,1.0,2022
1680,Emilia Romagna,1,1,Max Verstappen,Red Bull Racing RBPT,1.0,63,32:08.0,26.0,2022
1681,Emilia Romagna,2,11,Sergio Perez,Red Bull Racing RBPT,3.0,63,16.527,18.0,2022
1682,Emilia Romagna,3,4,Lando Norris,McLaren Mercedes,5.0,63,34.834,15.0,2022
1683,Emilia Romagna,4,63,George Russell,Mercedes,11.0,63,42.506,12.0,2022
1684,Emilia Romagna,5,77,Valtteri Bottas,Alfa Romeo Ferrari,7.0,63,43.181,10.0,2022
1685,Emilia Romagna,6,16,Charles Leclerc,Ferrari,2.0,63,56.072,8.0,2022
1686,Emilia Romagna,7,22,Yuki Tsunoda,AlphaTauri RBPT,12.0,63,61.11,6.0,2022
1687,Emilia Romagna,8,5,Sebastian Vettel,Aston Martin Aramco Mercedes,13.0,63,70.892,4.0,2022
1688,Emilia Romagna,9,20,Kevin Magnussen,Haas Ferrari,8.0,63,75.26,2.0,2022
1689,Emilia Romagna,10,18,Lance Stroll,Aston Martin Aramco Mercedes,15.0,62,+1 lap,1.0,2022
1700,Miami,1,1,Max Verstappen,Red Bull Racing RBPT,3.0,57,34:24.3,26.0,2022
1701,Miami,2,16,Charles Leclerc,Ferrari,1.0,57,3.786,18.0,2022
1702,Miami,3,55,Carlos Sainz,Ferrari,2.0,57,8.229,15.0,2022
1703,Miami,4,11,Sergio Perez,Red Bull Racing RBPT,4.0,57,10.638,12.0,2022
1704,Miami,5,63,George Russell,Mercedes,12.0,57,18.582,10.0,2022
1705,Miami,6,44,Lewis Hamilton,Mercedes,6.0,57,21.368,8.0,2022
1706,Miami,7,77,Valtteri Bottas,Alfa Romeo Ferrari,5.0,57,25.073,6.0,2022
1707,Miami,8,31,Esteban Ocon,Alpine Renault,20.0,57,28.386,4.0,2022
1708,Miami,9,23,Alexander Albon,Williams Mercedes,18.0,57,32.365,2.0,2022
1709,Miami,10,18,Lance Stroll,Aston Martin Aramco Mercedes,10.0,57,37.026,1.0,2022
1720,Spain,1,1,Max Verstappen,Red Bull Racing RBPT,2.0,66,37:20.5,25.0,2022
1721,Spain,2,11,Sergio Perez,Red Bull Racing RBPT,5.0,66,13.072,19.0,2022
1722,Spain,3,63,George Russell,Mercedes,4.0,66,32.927,15.0,2022
1723,Spain,4,55,Carlos Sainz,Ferrari,3.0,66,45.208,12.0,2022
1724,Spain,5,44,Lewis Hamilton,Mercedes,6.0,66,54.534,10.0,2022
1725,Spain,6,77,Valtteri Bottas,Alfa Romeo Ferrari,7.0,66,59.976,8.0,2022
1726,Spain,7,31,Esteban Ocon,Alpine Renault,12.0,66,75.397,6.0,2022
1727,Spain,8,4,Lando Norris,McLaren Mercedes,11.0,66,83.235,4.0,2022
1728,Spain,9,14,Fernando Alonso,Alpine Renault,20.0,65,+1 lap,2.0,2022
1729,Spain,10,22,Yuki Tsunoda,AlphaTauri RBPT,13.0,65,+1 lap,1.0,2022
1740,Monaco,1,11,Sergio Perez,Red Bull Racing RBPT,3.0,64,56:30.3,25.0,2022
1741,Monaco,2,55,Carlos Sainz,Ferrari,2.0,64,1.154,18.0,2022
1742,Monaco,3,1,Max Verstappen,Red Bull Racing RBPT,4.0,64,1.491,15.0,2022
1743,Monaco,4,16,Charles Leclerc,Ferrari,1.0,64,2.922,12.0,2022
1744,Monaco,5,63,George Russell,Mercedes,6.0,64,11.968,10.0,2022
1745,Monaco,6,4,Lando Norris,McLaren Mercedes,5.0,64,12.231,9.0,2022
1746,Monaco,7,14,Fernando Alonso,Alpine Renault,7.0,64,46.358,6.0,2022
1747,Monaco,8,44,Lewis Hamilton,Mercedes,8.0,64,50.388,4.0,2022
1748,Monaco,9,77,Valtteri Bottas,Alfa Romeo Ferrari,12.0,64,52.525,2.0,2022
1749,Monaco,10,5,Sebastian Vettel,Aston Martin Aramco Mercedes,9.0,64,53.536,1.0,2022
1760,Azerbaijan,1,1,Max Verstappen,Red Bull Racing RBPT,3.0,51,34:05.9,25.0,2022
1761,Azerbaijan,2,11,Sergio Perez,Red Bull Racing RBPT,2.0,51,20.823,19.0,2022
1762,Azerbaijan,3,63,George Russell,Mercedes,5.0,51,45.995,15.0,2022
1763,Azerbaijan,4,44,Lewis Hamilton,Mercedes,7.0,51,71.679,12.0,2022
1764,Azerbaijan,5,10,Pierre Gasly,AlphaTauri RBPT,6.0,51,77.299,10.0,2022
1765,Azerbaijan,6,5,Sebastian Vettel,Aston Martin Aramco Mercedes,9.0,51,84.099,8.0,2022
1766,Azerbaijan,7,14,Fernando Alonso,Alpine Renault,10.0,51,88.596,6.0,2022
1767,Azerbaijan,8,3,Daniel Ricciardo,McLaren Mercedes,12.0,51,92.207,4.0,2022
1768,Azerbaijan,9,4,Lando Norris,McLaren Mercedes,11.0,51,92.556,2.0,2022
1769,Azerbaijan,10,31,Esteban Ocon,Alpine Renault,13.0,51,108.184,1.0,2022
1780,Canada,1,1,Max Verstappen,Red Bull Racing RBPT,1.0,70,36:21.8,25.0,2022
1781,Canada,2,55,Carlos Sainz,Ferrari,3.0,70,0.993,19.0,2022
1782,Canada,3,44,Lewis Hamilton,Mercedes,4.0,70,7.006,15.0,2022
1783,Canada,4,63,George Russell,Mercedes,8.0,70,12.313,12.0,2022
1784,Canada,5,16,Charles Leclerc,Ferrari,19.0,70,15.168,10.0,2022
1785,Canada,6,31,Esteban Ocon,Alpine Renault,7.0,70,23.89,8.0,2022
1786,Canada,7,77,Valtteri Bottas,Alfa Romeo Ferrari,11.0,70,25.247,6.0,2022
1787,Canada,8,24,Guanyu Zhou,Alfa Romeo Ferrari,10.0,70,26.952,4.0,2022
1788,Canada,9,14,Fernando Alonso,Alpine Renault,2.0,70,29.945,2.0,2022
1789,Canada,10,18,Lance Stroll,Aston Martin Aramco Mercedes,17.0,70,38.222,1.0,2022
1800,Great Britain,1,55,Carlos Sainz,Ferrari,1.0,52,17:50.3,25.0,2022
1801,Great Britain,2,11,Sergio Perez,Red Bull Racing RBPT,4.0,52,3.779,18.0,2022
1802,Great Britain,3,44,Lewis Hamilton,Mercedes,5.0,52,6.225,16.0,2022
1803,Great Britain,4,16,Charles Leclerc,Ferrari,3.0,52,8.546,12.0,2022
1804,Great Britain,5,14,Fernando Alonso,Alpine Renault,7.0,52,9.571,10.0,2022
1805,Great Britain,6,4,Lando Norris,McLaren Mercedes,6.0,52,11.943,8.0,2022
1806,Great Britain,7,1,Max Verstappen,Red Bull Racing RBPT,2.0,52,18.777,6.0,2022
1807,Great Britain,8,47,Mick Schumacher,Haas Ferrari,19.0,52,18.995,4.0,2022
1808,Great Britain,9,5,Sebastian Vettel,Aston Martin Aramco Mercedes,18.0,52,22.356,2.0,2022
1809,Great Britain,10,20,Kevin Magnussen,Haas Ferrari,17.0,52,24.59,1.0,2022
1820,Austria,1,16,Charles Leclerc,Ferrari,2.0,71,24:24.3,25.0,2022
1821,Austria,2,1,Max Verstappen,Red Bull Racing RBPT,1.0,71,1.532,19.0,2022
1822,Austria,3,44,Lewis Hamilton,Mercedes,8.0,71,41.217,15.0,2022
1823,Austria,4,63,George Russell,Mercedes,4.0,71,58.972,12.0,2022
1824,Austria,5,31,Esteban Ocon,Alpine Renault,6.0,71,68.436,10.0,2022
1825,Austria,6,47,Mick Schumacher,Haas Ferrari,9.0,70,+1 lap,8.0,2022
1826,Austria,7,4,Lando Norris,McLaren Mercedes,10.0,70,+1 lap,6.0,2022
1827,Austria,8,20,Kevin Magnussen,Haas Ferrari,7.0,70,+1 lap,4.0,2022
1828,Austria,9,3,Daniel Ricciardo,McLaren Mercedes,11.0,70,+1 lap,2.0,2022
1829,Austria,10,14,Fernando Alonso,Alpine Renault,19.0,70,+1 lap,1.0,2022
1840,France,1,1,Max Verstappen,Red Bull Racing RBPT,2.0,53,30:02.1,25.0,2022
1841,France,2,44,Lewis Hamilton,Mercedes,4.0,53,10.587,18.0,2022
1842,France,3,63,George Russell,Mercedes,6.0,53,16.495,15.0,2022
1843,France,4,11,Sergio Perez,Red Bull Racing RBPT,3.0,53,17.31,12.0,2022
1844,France,5,55,Carlos Sainz,Ferrari,19.0,53,28.872,11.0,2022
1845,France,6,14,Fernando Alonso,Alpine Renault,7.0,53,42.879,8.0,2022
1846,France,7,4,Lando Norris,McLaren Mercedes,5.0,53,52.026,6.0,2022
1847,France,8,31,Esteban Ocon,Alpine Renault,10.0,53,56.959,4.0,2022
1848,France,9,3,Daniel Ricciardo,McLaren Mercedes,9.0,53,60.372,2.0,2022
1849,France,10,18,Lance Stroll,Aston Martin Aramco Mercedes,15.0,53,62.549,1.0,2022
1860,Hungary,1,1,Max Verstappen,Red Bull Racing RBPT,10.0,70,39:25.9,25.0,2022
1861,Hungary,2,44,Lewis Hamilton,Mercedes,7.0,70,7.834,19.0,2022
1862,Hungary,3,63,George Russell,Mercedes,1.0,70,12.337,15.0,2022
1863,Hungary,4,55,Carlos Sainz,Ferrari,2.0,70,14.579,12.0,2022
1864,Hungary,5,11,Sergio Perez,Red Bull Racing RBPT,11.0,70,15.688,10.0,2022
1865,Hungary,6,16,Charles Leclerc,Ferrari,3.0,70,16.047,8.0,2022
1866,Hungary,7,4,Lando Norris,McLaren Mercedes,4.0,70,78.3,6.0,2022
1867,Hungary,8,14,Fernando Alonso,Alpine Renault,6.0,69,+1 lap,4.0,2022
1868,Hungary,9,31,Esteban Ocon,Alpine Renault,5.0,69,+1 lap,2.0,2022
1869,Hungary,10,5,Sebastian Vettel,Aston Martin Aramco Mercedes,18.0,69,+1 lap,1.0,2022
1880,Belgium,1,1,Max Verstappen,Red Bull Racing RBPT,14.0,44,25:52.9,26.0,2022
1881,Belgium,2,11,Sergio Perez,Red Bull Racing RBPT,2.0,44,17.841,18.0,2022
1882,Belgium,3,55,Carlos Sainz,Ferrari,1.0,44,26.886,15.0,2022
1883,Belgium,4,63,George Russell,Mercedes,5.0,44,29.14,12.0,2022
1884,Belgium,5,14,Fernando Alonso,Alpine Renault,3.0,44,73.256,10.0,2022
1885,Belgium,6,16,Charles Leclerc,Ferrari,15.0,44,74.936,8.0,2022
1886,Belgium,7,31,Esteban Ocon,Alpine Renault,16.0,44,75.64,6.0,2022
1887,Belgium,8,5,Sebastian Vettel,Aston Martin Aramco Mercedes,10.0,44,78.107,4.0,2022
1888,Belgium,9,10,Pierre Gasly,AlphaTauri RBPT,8.0,44,92.181,2.0,2022
1889,Belgium,10,23,Alexander Albon,Williams Mercedes,6.0,44,101.9,1.0,2022
1900,Netherlands,1,1,Max Verstappen,Red Bull Racing RBPT,1.0,72,36:42.8,26.0,2022
1901,Netherlands,2,63,George Russell,Mercedes,6.0,72,4.071,18.0,2022
1902,Netherlands,3,16,Charles Leclerc,Ferrari,2.0,72,10.929,15.0,2022
1903,Netherlands,4,44,Lewis Hamilton,Mercedes,4.0,72,13.016,12.0,2022
1904,Netherlands,5,11,Sergio Perez,Red Bull Racing RBPT,5.0,72,18.168,10.0,2022
1905,Netherlands,6,14,Fernando Alonso,Alpine Renault,13.0,72,18.754,8.0,2022
1906,Netherlands,7,4,Lando Norris,McLaren Mercedes,7.0,72,19.306,6.0,2022
1907,Netherlands,8,55,Carlos Sainz,Ferrari,3.0,72,20.916,4.0,2022
1908,Netherlands,9,31,Esteban Ocon,Alpine Renault,12.0,72,21.117,2.0,2022
1909,Netherlands,10,18,Lance Stroll,Aston Martin Aramco Mercedes,10.0,72,22.459,1.0,2022
1920,Italy,1,1,Max Verstappen,Red Bull Racing RBPT,7.0,53,20:27.5,25.0,2022
1921,Italy,2,16,Charles Leclerc,Ferrari,1.0,53,2.446,18.0,2022
1922,Italy,3,63,George Russell,Mercedes,2.0,53,3.405,15.0,2022
1923,Italy,4,55,Carlos Sainz,Ferrari,18.0,53,5.061,12.0,2022
1924,Italy,5,44,Lewis Hamilton,Mercedes,19.0,53,5.38,10.0,2022
1925,Italy,6,11,Sergio Perez,Red Bull Racing RBPT,13.0,53,6.091,9.0,2022
1926,Italy,7,4,Lando Norris,McLaren Mercedes,3.0,53,6.207,6.0,2022
1927,Italy,8,10,Pierre Gasly,AlphaTauri RBPT,5.0,53,6.396,4.0,2022
1928,Italy,9,45,Nyck De Vries,Williams Mercedes,8.0,53,7.122,2.0,2022
1929,Italy,10,24,Guanyu Zhou,Alfa Romeo Ferrari,9.0,53,7.91,1.0,2022
1940,Singapore,1,11,Sergio Perez,Red Bull Racing RBPT,2.0,59,02:20.2,25.0,2022
1941,Singapore,2,16,Charles Leclerc,Ferrari,1.0,59,2.595,18.0,2022
1942,Singapore,3,55,Carlos Sainz,Ferrari,4.0,59,10.305,15.0,2022
1943,Singapore,4,4,Lando Norris,McLaren Mercedes,6.0,59,21.133,12.0,2022
1944,Singapore,5,3,Daniel Ricciardo,McLaren Mercedes,16.0,59,53.282,10.0,2022
1945,Singapore,6,18,Lance Stroll,Aston Martin Aramco Mercedes,11.0,59,56.33,8.0,2022
1946,Singapore,7,1,Max Verstappen,Red Bull Racing RBPT,8.0,59,58.825,6.0,2022
1947,Singapore,8,5,Sebastian Vettel,Aston Martin Aramco Mercedes,13.0,59,60.032,4.0,2022
1948,Singapore,9,44,Lewis Hamilton,Mercedes,3.0,59,61.515,2.0,2022
1949,Singapore,10,10,Pierre Gasly,AlphaTauri RBPT,7.0,59,69.576,1.0,2022
1960,Japan,1,1,Max Verstappen,Red Bull Racing RBPT,1.0,28,01:44.0,25.0,2022
1961,Japan,2,11,Sergio Perez,Red Bull Racing RBPT,4.0,28,27.066,18.0,2022
1962,Japan,3,16,Charles Leclerc,Ferrari,2.0,28,31.763,15.0,2022
1963,Japan,4,31,Esteban Ocon,Alpine Renault,5.0,28,39.685,12.0,2022
1964,Japan,5,44,Lewis Hamilton,Mercedes,6.0,28,40.326,10.0,2022
1965,Japan,6,5,Sebastian Vettel,Aston Martin Aramco Mercedes,9.0,28,46.358,8.0,2022
1966,Japan,7,14,Fernando Alonso,Alpine Renault,7.0,28,46.369,6.0,2022
1967,Japan,8,63,George Russell,Mercedes,8.0,28,47.661,4.0,2022
1968,Japan,9,6,Nicholas Latifi,Williams Mercedes,19.0,28,70.143,2.0,2022
1969,Japan,10,4,Lando Norris,McLaren Mercedes,10.0,28,70.782,1.0,2022
1980,United States,1,1,Max Verstappen,Red Bull Racing RBPT,2.0,56,42:11.7,25.0,2022
1981,United States,2,44,Lewis Hamilton,Mercedes,3.0,56,5.023,18.0,2022
1982,United States,3,16,Charles Leclerc,Ferrari,12.0,56,7.501,15.0,2022
1983,United States,4,11,Sergio Perez,Red Bull Racing RBPT,9.0,56,8.293,12.0,2022
1984,United States,5,63,George Russell,Mercedes,4.0,56,44.815,11.0,2022
1985,United States,6,4,Lando Norris,McLaren Mercedes,6.0,56,53.785,8.0,2022
1986,United States,7,14,Fernando Alonso,Alpine Renault,14.0,56,55.078,6.0,2022
1987,United States,8,5,Sebastian Vettel,Aston Martin Aramco Mercedes,10.0,56,65.354,4.0,2022
1988,United States,9,20,Kevin Magnussen,Haas Ferrari,13.0,56,65.834,2.0,2022
1989,United States,10,22,Yuki Tsunoda,AlphaTauri RBPT,19.0,56,70.919,1.0,2022
2000,Mexico,1,1,Max Verstappen,Red Bull Racing RBPT,1.0,71,38:36.7,25.0,2022
2001,Mexico,2,44,Lewis Hamilton,Mercedes,3.0,71,15.186,18.0,2022
2002,Mexico,3,11,Sergio Perez,Red Bull Racing RBPT,4.0,71,18.097,15.0,2022
2003,Mexico,4,63,George Russell,Mercedes,2.0,71,49.431,13.0,2022
2004,Mexico,5,55,Carlos Sainz,Ferrari,5.0,71,58.123,10.0,2022
2005,Mexico,6,16,Charles Leclerc,Ferrari,7.0,71,68.774,8.0,2022
2006,Mexico,7,3,Daniel Ricciardo,McLaren Mercedes,11.0,70,+1 lap,6.0,2022
2007,Mexico,8,31,Esteban Ocon,Alpine Renault,10.0,70,+1 lap,4.0,2022
2008,Mexico,9,4,Lando Norris,McLaren Mercedes,8.0,70,+1 lap,2.0,2022
2009,Mexico,10,77,Valtteri Bottas,Alfa Romeo Ferrari,6.0,70,+1 lap,1.0,2022
2020,Brazil,1,63,George Russell,Mercedes,1.0,71,38:34.0,26.0,2022
2021,Brazil,2,44,Lewis Hamilton,Mercedes,2.0,71,1.529,18.0,2022
2022,Brazil,3,55,Carlos Sainz,Ferrari,7.0,71,4.051,15.0,2022
2023,Brazil,4,16,Charles Leclerc,Ferrari,5.0,71,8.441,12.0,2022
2024,Brazil,5,14,Fernando Alonso,Alpine Renault,17.0,71,9.561,10.0,2022
2025,Brazil,6,1,Max Verstappen,Red Bull Racing RBPT,3.0,71,10.056,8.0,2022
2026,Brazil,7,11,Sergio Perez,Red Bull Racing RBPT,4.0,71,14.08,6.0,2022
2027,Brazil,8,31,Esteban Ocon,Alpine Renault,16.0,71,18.69,4.0,2022
2028,Brazil,9,77,Valtteri Bottas,Alfa Romeo Ferrari,14.0,71,22.552,2.0,2022
2029,Brazil,10,18,Lance Stroll,Aston Martin Aramco Mercedes,15.0,71,23.552,1.0,2022
2040,Abu Dhabi,1,1,Max Verstappen,Red Bull Racing RBPT,1.0,58,27:45.9,25.0,2022
2041,Abu Dhabi,2,16,Charles Leclerc,Ferrari,3.0,58,8.771,18.0,2022
2042,Abu Dhabi,3,11,Sergio Perez,Red Bull Racing RBPT,2.0,58,10.093,15.0,2022
2043,Abu Dhabi,4,55,Carlos Sainz,Ferrari,4.0,58,24.892,12.0,2022
2044,Abu Dhabi,5,63,George Russell,Mercedes,6.0,58,35.888,10.0,2022
2045,Abu Dhabi,6,4,Lando Norris,McLaren Mercedes,7.0,58,56.234,9.0,2022
2046,Abu Dhabi,7,31,Esteban Ocon,Alpine Renault,8.0,58,57.24,6.0,2022
2047,Abu Dhabi,8,18,Lance Stroll,Aston Martin Aramco Mercedes,14.0,58,76.931,4.0,2022
2048,Abu Dhabi,9,3,Daniel Ricciardo,McLaren Mercedes,13.0,58,83.268,2.0,2022
2049,Abu Dhabi,10,5,Sebastian Vettel,Aston Martin Aramco Mercedes,9.0,58,83.898,1.0,2022
