,raceId,year,circuitId,name,date,time
838,839,1950,14,Italian Grand Prix,1950-09-03,
837,838,1950,55,French Grand Prix,1950-07-02,
836,837,1950,13,Belgian Grand Prix,1950-06-18,
835,836,1950,66,Swiss Grand Prix,1950-06-04,
834,835,1950,19,Indianapolis 500,1950-05-30,
833,834,1950,6,Monaco Grand Prix,1950-05-21,
832,833,1950,9,British Grand Prix,1950-05-13,
830,831,1951,14,Italian Grand Prix,1951-09-16,
831,832,1951,67,Spanish Grand Prix,1951-10-28,
829,830,1951,20,German Grand Prix,1951-07-29,
828,829,1951,9,British Grand Prix,1951-07-14,
827,828,1951,55,French Grand Prix,1951-07-01,
826,827,1951,13,Belgian Grand Prix,1951-06-17,
825,826,1951,19,Indianapolis 500,1951-05-30,
824,825,1951,66,Swiss Grand Prix,1951-05-27,
816,817,1952,66,Swiss Grand Prix,1952-05-18,
818,819,1952,13,Belgian Grand Prix,1952-06-22,
817,818,1952,19,Indianapolis 500,1952-05-30,
822,823,1952,39,Dutch Grand Prix,1952-08-17,
821,822,1952,20,German Grand Prix,1952-08-03,
820,821,1952,9,British Grand Prix,1952-07-19,
819,820,1952,53,French Grand Prix,1952-07-06,
823,824,1952,14,Italian Grand Prix,1952-09-07,
815,816,1953,14,Italian Grand Prix,1953-09-13,
814,815,1953,66,Swiss Grand Prix,1953-08-23,
813,814,1953,20,German Grand Prix,1953-08-02,
812,813,1953,9,British Grand Prix,1953-07-18,
811,812,1953,55,French Grand Prix,1953-07-05,
810,811,1953,13,Belgian Grand Prix,1953-06-21,
808,809,1953,19,Indianapolis 500,1953-05-30,
807,808,1953,25,Argentine Grand Prix,1953-01-18,
809,810,1953,39,Dutch Grand Prix,1953-06-07,
803,804,1954,20,German Grand Prix,1954-08-01,
806,807,1954,67,Spanish Grand Prix,1954-10-24,
805,806,1954,14,Italian Grand Prix,1954-09-05,
804,805,1954,66,Swiss Grand Prix,1954-08-22,
801,802,1954,55,French Grand Prix,1954-07-04,
802,803,1954,9,British Grand Prix,1954-07-17,
798,799,1954,25,Argentine Grand Prix,1954-01-17,
799,800,1954,19,Indianapolis 500,1954-05-31,
800,801,1954,13,Belgian Grand Prix,1954-06-20,
796,797,1955,58,British Grand Prix,1955-07-16,
795,796,1955,39,Dutch Grand Prix,1955-06-19,
794,795,1955,13,Belgian Grand Prix,1955-06-05,
793,794,1955,19,Indianapolis 500,1955-05-30,
791,792,1955,25,Argentine Grand Prix,1955-01-16,
792,793,1955,6,Monaco Grand Prix,1955-05-22,
797,798,1955,14,Italian Grand Prix,1955-09-11,
789,790,1956,20,German Grand Prix,1956-08-05,
788,789,1956,9,British Grand Prix,1956-07-14,
787,788,1956,55,French Grand Prix,1956-07-01,
786,787,1956,13,Belgian Grand Prix,1956-06-03,
785,786,1956,19,Indianapolis 500,1956-05-30,
784,785,1956,6,Monaco Grand Prix,1956-05-13,
783,784,1956,25,Argentine Grand Prix,1956-01-22,
790,791,1956,14,Italian Grand Prix,1956-09-02,
779,780,1957,58,British Grand Prix,1957-07-20,
781,782,1957,65,Pescara Grand Prix,1957-08-18,
782,783,1957,14,Italian Grand Prix,1957-09-08,
780,781,1957,20,German Grand Prix,1957-08-04,
778,779,1957,53,French Grand Prix,1957-07-07,
777,778,1957,19,Indianapolis 500,1957-05-30,
776,777,1957,6,Monaco Grand Prix,1957-05-19,
775,776,1957,25,Argentine Grand Prix,1957-01-13,
770,771,1958,9,British Grand Prix,1958-07-19,
764,765,1958,25,Argentine Grand Prix,1958-01-19,
765,766,1958,6,Monaco Grand Prix,1958-05-18,
766,767,1958,39,Dutch Grand Prix,1958-05-26,
767,768,1958,19,Indianapolis 500,1958-05-30,
768,769,1958,13,Belgian Grand Prix,1958-06-15,
769,770,1958,55,French Grand Prix,1958-07-06,
771,772,1958,20,German Grand Prix,1958-08-03,
772,773,1958,59,Portuguese Grand Prix,1958-08-24,
773,774,1958,14,Italian Grand Prix,1958-09-07,
774,775,1958,64,Moroccan Grand Prix,1958-10-19,
757,758,1959,39,Dutch Grand Prix,1959-05-31,
758,759,1959,55,French Grand Prix,1959-07-05,
763,764,1959,63,United States Grand Prix,1959-12-12,
762,763,1959,14,Italian Grand Prix,1959-09-13,
759,760,1959,58,British Grand Prix,1959-07-18,
761,762,1959,62,Portuguese Grand Prix,1959-08-23,
760,761,1959,61,German Grand Prix,1959-08-02,
756,757,1959,19,Indianapolis 500,1959-05-30,
755,756,1959,6,Monaco Grand Prix,1959-05-10,
748,749,1960,39,Dutch Grand Prix,1960-06-06,
747,748,1960,19,Indianapolis 500,1960-05-30,
752,753,1960,59,Portuguese Grand Prix,1960-08-14,
753,754,1960,14,Italian Grand Prix,1960-09-04,
754,755,1960,60,United States Grand Prix,1960-11-20,
750,751,1960,55,French Grand Prix,1960-07-03,
751,752,1960,9,British Grand Prix,1960-07-16,
745,746,1960,25,Argentine Grand Prix,1960-02-07,
746,747,1960,6,Monaco Grand Prix,1960-05-29,
749,750,1960,13,Belgian Grand Prix,1960-06-19,
744,745,1961,46,United States Grand Prix,1961-10-08,
743,744,1961,14,Italian Grand Prix,1961-09-10,
742,743,1961,20,German Grand Prix,1961-08-06,
741,742,1961,58,British Grand Prix,1961-07-15,
740,741,1961,55,French Grand Prix,1961-07-02,
738,739,1961,39,Dutch Grand Prix,1961-05-22,
737,738,1961,6,Monaco Grand Prix,1961-05-14,
739,740,1961,13,Belgian Grand Prix,1961-06-18,
728,729,1962,39,Dutch Grand Prix,1962-05-20,
729,730,1962,6,Monaco Grand Prix,1962-06-03,
730,731,1962,13,Belgian Grand Prix,1962-06-17,
731,732,1962,53,French Grand Prix,1962-07-08,
732,733,1962,58,British Grand Prix,1962-07-21,
736,737,1962,56,South African Grand Prix,1962-12-29,
733,734,1962,20,German Grand Prix,1962-08-05,
734,735,1962,14,Italian Grand Prix,1962-09-16,
735,736,1962,46,United States Grand Prix,1962-10-07,
722,723,1963,9,British Grand Prix,1963-07-20,
719,720,1963,13,Belgian Grand Prix,1963-06-09,
727,728,1963,56,South African Grand Prix,1963-12-28,
726,727,1963,32,Mexican Grand Prix,1963-10-27,
725,726,1963,46,United States Grand Prix,1963-10-06,
724,725,1963,14,Italian Grand Prix,1963-09-08,
723,724,1963,20,German Grand Prix,1963-08-04,
721,722,1963,55,French Grand Prix,1963-06-30,
720,721,1963,39,Dutch Grand Prix,1963-06-23,
718,719,1963,6,Monaco Grand Prix,1963-05-26,
709,710,1964,39,Dutch Grand Prix,1964-05-24,
717,718,1964,32,Mexican Grand Prix,1964-10-25,
716,717,1964,46,United States Grand Prix,1964-10-04,
715,716,1964,14,Italian Grand Prix,1964-09-06,
714,715,1964,57,Austrian Grand Prix,1964-08-23,
713,714,1964,20,German Grand Prix,1964-08-02,
712,713,1964,38,British Grand Prix,1964-07-11,
710,711,1964,13,Belgian Grand Prix,1964-06-14,
708,709,1964,6,Monaco Grand Prix,1964-05-10,
711,712,1964,53,French Grand Prix,1964-06-28,
707,708,1965,32,Mexican Grand Prix,1965-10-24,
706,707,1965,46,United States Grand Prix,1965-10-03,
705,706,1965,14,Italian Grand Prix,1965-09-12,
704,705,1965,20,German Grand Prix,1965-08-01,
703,704,1965,39,Dutch Grand Prix,1965-07-18,
702,703,1965,9,British Grand Prix,1965-07-10,
701,702,1965,51,French Grand Prix,1965-06-27,
700,701,1965,13,Belgian Grand Prix,1965-06-13,
699,700,1965,6,Monaco Grand Prix,1965-05-30,
698,699,1965,56,South African Grand Prix,1965-01-01,
696,697,1966,46,United States Grand Prix,1966-10-02,
689,690,1966,6,Monaco Grand Prix,1966-05-22,
690,691,1966,13,Belgian Grand Prix,1966-06-12,
691,692,1966,55,French Grand Prix,1966-07-03,
692,693,1966,38,British Grand Prix,1966-07-16,
697,698,1966,32,Mexican Grand Prix,1966-10-23,
694,695,1966,20,German Grand Prix,1966-08-07,
695,696,1966,14,Italian Grand Prix,1966-09-04,
693,694,1966,39,Dutch Grand Prix,1966-07-24,
687,688,1967,46,United States Grand Prix,1967-10-01,
688,689,1967,32,Mexican Grand Prix,1967-10-22,
686,687,1967,14,Italian Grand Prix,1967-09-10,
685,686,1967,48,Canadian Grand Prix,1967-08-27,
684,685,1967,20,German Grand Prix,1967-08-06,
683,684,1967,9,British Grand Prix,1967-07-15,
682,683,1967,54,French Grand Prix,1967-07-02,
681,682,1967,13,Belgian Grand Prix,1967-06-18,
680,681,1967,39,Dutch Grand Prix,1967-06-04,
679,680,1967,6,Monaco Grand Prix,1967-05-07,
678,679,1967,30,South African Grand Prix,1967-01-02,
671,672,1968,53,French Grand Prix,1968-07-07,
673,674,1968,20,German Grand Prix,1968-08-04,
672,673,1968,38,British Grand Prix,1968-07-20,
676,677,1968,46,United States Grand Prix,1968-10-06,
670,671,1968,39,Dutch Grand Prix,1968-06-23,
666,667,1968,30,South African Grand Prix,1968-01-01,
668,669,1968,6,Monaco Grand Prix,1968-05-26,
667,668,1968,45,Spanish Grand Prix,1968-05-12,
674,675,1968,14,Italian Grand Prix,1968-09-08,
677,678,1968,32,Mexican Grand Prix,1968-11-03,
669,670,1968,13,Belgian Grand Prix,1968-06-09,
675,676,1968,52,Canadian Grand Prix,1968-09-22,
663,664,1969,48,Canadian Grand Prix,1969-09-20,
655,656,1969,30,South African Grand Prix,1969-03-01,
656,657,1969,49,Spanish Grand Prix,1969-05-04,
657,658,1969,6,Monaco Grand Prix,1969-05-18,
658,659,1969,39,Dutch Grand Prix,1969-06-21,
659,660,1969,51,French Grand Prix,1969-07-06,
665,666,1969,32,Mexican Grand Prix,1969-10-19,
661,662,1969,20,German Grand Prix,1969-08-03,
662,663,1969,14,Italian Grand Prix,1969-09-07,
664,665,1969,46,United States Grand Prix,1969-10-05,
660,661,1969,9,British Grand Prix,1969-07-19,
647,648,1970,51,French Grand Prix,1970-07-05,
645,646,1970,13,Belgian Grand Prix,1970-06-07,
654,655,1970,32,Mexican Grand Prix,1970-10-25,
653,654,1970,46,United States Grand Prix,1970-10-04,
652,653,1970,52,Canadian Grand Prix,1970-09-20,
651,652,1970,14,Italian Grand Prix,1970-09-06,
650,651,1970,23,Austrian Grand Prix,1970-08-16,
649,650,1970,10,German Grand Prix,1970-08-02,
648,649,1970,38,British Grand Prix,1970-07-18,
646,647,1970,39,Dutch Grand Prix,1970-06-21,
644,645,1970,6,Monaco Grand Prix,1970-05-10,
643,644,1970,45,Spanish Grand Prix,1970-04-19,
642,643,1970,30,South African Grand Prix,1970-03-07,
636,637,1971,9,British Grand Prix,1971-07-17,
637,638,1971,20,German Grand Prix,1971-08-01,
638,639,1971,23,Austrian Grand Prix,1971-08-15,
639,640,1971,14,Italian Grand Prix,1971-09-05,
632,633,1971,49,Spanish Grand Prix,1971-04-18,
641,642,1971,46,United States Grand Prix,1971-10-03,
635,636,1971,34,French Grand Prix,1971-07-04,
634,635,1971,39,Dutch Grand Prix,1971-06-20,
631,632,1971,30,South African Grand Prix,1971-03-06,
640,641,1971,48,Canadian Grand Prix,1971-09-19,
633,634,1971,6,Monaco Grand Prix,1971-05-23,
628,629,1972,14,Italian Grand Prix,1972-09-10,
621,622,1972,45,Spanish Grand Prix,1972-05-01,
629,630,1972,48,Canadian Grand Prix,1972-09-24,
627,628,1972,23,Austrian Grand Prix,1972-08-13,
626,627,1972,20,German Grand Prix,1972-07-30,
625,626,1972,38,British Grand Prix,1972-07-15,
624,625,1972,51,French Grand Prix,1972-07-02,
623,624,1972,50,Belgian Grand Prix,1972-06-04,
619,620,1972,25,Argentine Grand Prix,1972-01-23,
620,621,1972,30,South African Grand Prix,1972-03-04,
630,631,1972,46,United States Grand Prix,1972-10-08,
622,623,1972,6,Monaco Grand Prix,1972-05-14,
610,611,1973,47,Swedish Grand Prix,1973-06-17,
608,609,1973,40,Belgian Grand Prix,1973-05-20,
617,618,1973,48,Canadian Grand Prix,1973-09-23,
616,617,1973,14,Italian Grand Prix,1973-09-09,
609,610,1973,6,Monaco Grand Prix,1973-06-03,
615,616,1973,23,Austrian Grand Prix,1973-08-19,
614,615,1973,20,German Grand Prix,1973-08-05,
613,614,1973,39,Dutch Grand Prix,1973-07-29,
618,619,1973,46,United States Grand Prix,1973-10-07,
612,613,1973,9,British Grand Prix,1973-07-14,
611,612,1973,34,French Grand Prix,1973-07-01,
604,605,1973,25,Argentine Grand Prix,1973-01-28,
606,607,1973,30,South African Grand Prix,1973-03-03,
607,608,1973,49,Spanish Grand Prix,1973-04-29,
605,606,1973,18,Brazilian Grand Prix,1973-02-11,
602,603,1974,48,Canadian Grand Prix,1974-09-22,
601,602,1974,14,Italian Grand Prix,1974-09-08,
600,601,1974,23,Austrian Grand Prix,1974-08-18,
599,600,1974,20,German Grand Prix,1974-08-04,
598,599,1974,38,British Grand Prix,1974-07-20,
596,597,1974,39,Dutch Grand Prix,1974-06-23,
595,596,1974,47,Swedish Grand Prix,1974-06-09,
594,595,1974,6,Monaco Grand Prix,1974-05-26,
589,590,1974,25,Argentine Grand Prix,1974-01-13,
590,591,1974,18,Brazilian Grand Prix,1974-01-27,
591,592,1974,30,South African Grand Prix,1974-03-30,
597,598,1974,41,French Grand Prix,1974-07-07,
603,604,1974,46,United States Grand Prix,1974-10-06,
593,594,1974,50,Belgian Grand Prix,1974-05-12,
592,593,1974,45,Spanish Grand Prix,1974-04-28,
588,589,1975,46,United States Grand Prix,1975-10-05,
575,576,1975,25,Argentine Grand Prix,1975-01-12,
576,577,1975,18,Brazilian Grand Prix,1975-01-26,
577,578,1975,30,South African Grand Prix,1975-03-01,
578,579,1975,49,Spanish Grand Prix,1975-04-27,
579,580,1975,6,Monaco Grand Prix,1975-05-11,
587,588,1975,14,Italian Grand Prix,1975-09-07,
580,581,1975,40,Belgian Grand Prix,1975-05-25,
581,582,1975,47,Swedish Grand Prix,1975-06-08,
582,583,1975,39,Dutch Grand Prix,1975-06-22,
583,584,1975,34,French Grand Prix,1975-07-06,
584,585,1975,9,British Grand Prix,1975-07-19,
585,586,1975,20,German Grand Prix,1975-08-03,
586,587,1975,23,Austrian Grand Prix,1975-08-17,
562,563,1976,45,Spanish Grand Prix,1976-05-02,
560,561,1976,30,South African Grand Prix,1976-03-06,
561,562,1976,43,United States Grand Prix West,1976-03-28,
563,564,1976,40,Belgian Grand Prix,1976-05-16,
564,565,1976,6,Monaco Grand Prix,1976-05-30,
565,566,1976,47,Swedish Grand Prix,1976-06-13,
566,567,1976,34,French Grand Prix,1976-07-04,
567,568,1976,38,British Grand Prix,1976-07-18,
568,569,1976,20,German Grand Prix,1976-08-01,
569,570,1976,23,Austrian Grand Prix,1976-08-15,
570,571,1976,39,Dutch Grand Prix,1976-08-29,
571,572,1976,14,Italian Grand Prix,1976-09-12,
572,573,1976,48,Canadian Grand Prix,1976-10-03,
574,575,1976,16,Japanese Grand Prix,1976-10-24,
559,560,1976,18,Brazilian Grand Prix,1976-01-25,
573,574,1976,46,United States Grand Prix,1976-10-10,
543,544,1977,18,Brazilian Grand Prix,1977-01-23,
555,556,1977,14,Italian Grand Prix,1977-09-11,
542,543,1977,25,Argentine Grand Prix,1977-01-09,
544,545,1977,30,South African Grand Prix,1977-03-05,
545,546,1977,43,United States Grand Prix West,1977-04-03,
546,547,1977,45,Spanish Grand Prix,1977-05-08,
547,548,1977,6,Monaco Grand Prix,1977-05-22,
549,550,1977,47,Swedish Grand Prix,1977-06-19,
550,551,1977,41,French Grand Prix,1977-07-03,
548,549,1977,40,Belgian Grand Prix,1977-06-05,
552,553,1977,10,German Grand Prix,1977-07-31,
553,554,1977,23,Austrian Grand Prix,1977-08-14,
554,555,1977,39,Dutch Grand Prix,1977-08-28,
556,557,1977,46,United States Grand Prix,1977-10-02,
557,558,1977,48,Canadian Grand Prix,1977-10-09,
558,559,1977,16,Japanese Grand Prix,1977-10-23,
551,552,1977,9,British Grand Prix,1977-07-16,
538,539,1978,39,Dutch Grand Prix,1978-08-27,
541,542,1978,7,Canadian Grand Prix,1978-10-08,
540,541,1978,46,United States Grand Prix,1978-10-01,
539,540,1978,14,Italian Grand Prix,1978-09-10,
537,538,1978,23,Austrian Grand Prix,1978-08-13,
536,537,1978,10,German Grand Prix,1978-07-30,
528,529,1978,30,South African Grand Prix,1978-03-04,
535,536,1978,38,British Grand Prix,1978-07-16,
534,535,1978,34,French Grand Prix,1978-07-02,
533,534,1978,47,Swedish Grand Prix,1978-06-17,
532,533,1978,45,Spanish Grand Prix,1978-06-04,
531,532,1978,40,Belgian Grand Prix,1978-05-21,
530,531,1978,6,Monaco Grand Prix,1978-05-07,
529,530,1978,43,United States Grand Prix West,1978-04-02,
527,528,1978,36,Brazilian Grand Prix,1978-01-29,
526,527,1978,25,Argentine Grand Prix,1978-01-15,
521,522,1979,23,Austrian Grand Prix,1979-08-12,
522,523,1979,39,Dutch Grand Prix,1979-08-26,
523,524,1979,14,Italian Grand Prix,1979-09-09,
514,515,1979,43,United States Grand Prix West,1979-04-08,
525,526,1979,46,United States Grand Prix,1979-10-07,
520,521,1979,10,German Grand Prix,1979-07-29,
524,525,1979,7,Canadian Grand Prix,1979-09-30,
519,520,1979,9,British Grand Prix,1979-07-14,
518,519,1979,41,French Grand Prix,1979-07-01,
517,518,1979,6,Monaco Grand Prix,1979-05-27,
513,514,1979,30,South African Grand Prix,1979-03-03,
512,513,1979,18,Brazilian Grand Prix,1979-02-04,
511,512,1979,25,Argentine Grand Prix,1979-01-21,
516,517,1979,40,Belgian Grand Prix,1979-05-13,
515,516,1979,45,Spanish Grand Prix,1979-04-29,
497,498,1980,25,Argentine Grand Prix,1980-01-13,
510,511,1980,46,United States Grand Prix,1980-10-05,
509,510,1980,7,Canadian Grand Prix,1980-09-28,
508,509,1980,21,Italian Grand Prix,1980-09-14,
506,507,1980,23,Austrian Grand Prix,1980-08-17,
504,505,1980,38,British Grand Prix,1980-07-13,
503,504,1980,34,French Grand Prix,1980-06-29,
502,503,1980,6,Monaco Grand Prix,1980-05-18,
501,502,1980,40,Belgian Grand Prix,1980-05-04,
500,501,1980,43,United States Grand Prix West,1980-03-30,
499,500,1980,30,South African Grand Prix,1980-03-01,
505,506,1980,10,German Grand Prix,1980-08-10,
507,508,1980,39,Dutch Grand Prix,1980-08-31,
498,499,1980,18,Brazilian Grand Prix,1980-01-27,
485,486,1981,21,San Marino Grand Prix,1981-05-03,
484,485,1981,25,Argentine Grand Prix,1981-04-12,
486,487,1981,40,Belgian Grand Prix,1981-05-17,
487,488,1981,6,Monaco Grand Prix,1981-05-31,
488,489,1981,45,Spanish Grand Prix,1981-06-21,
490,491,1981,9,British Grand Prix,1981-07-18,
491,492,1981,10,German Grand Prix,1981-08-02,
489,490,1981,41,French Grand Prix,1981-07-05,
493,494,1981,39,Dutch Grand Prix,1981-08-30,
494,495,1981,14,Italian Grand Prix,1981-09-13,
495,496,1981,7,Canadian Grand Prix,1981-09-27,
496,497,1981,44,Caesars Palace Grand Prix,1981-10-17,
482,483,1981,43,United States Grand Prix West,1981-03-15,
483,484,1981,36,Brazilian Grand Prix,1981-03-29,
492,493,1981,23,Austrian Grand Prix,1981-08-16,
471,472,1982,6,Monaco Grand Prix,1982-05-23,
466,467,1982,30,South African Grand Prix,1982-01-23,
467,468,1982,36,Brazilian Grand Prix,1982-03-21,
468,469,1982,43,United States Grand Prix West,1982-04-04,
469,470,1982,21,San Marino Grand Prix,1982-04-25,
470,471,1982,40,Belgian Grand Prix,1982-05-09,
472,473,1982,37,Detroit Grand Prix,1982-06-06,
476,477,1982,34,French Grand Prix,1982-07-25,
474,475,1982,39,Dutch Grand Prix,1982-07-03,
475,476,1982,38,British Grand Prix,1982-07-18,
477,478,1982,10,German Grand Prix,1982-08-08,
478,479,1982,23,Austrian Grand Prix,1982-08-15,
479,480,1982,41,Swiss Grand Prix,1982-08-29,
480,481,1982,14,Italian Grand Prix,1982-09-12,
481,482,1982,44,Caesars Palace Grand Prix,1982-09-25,
473,474,1982,7,Canadian Grand Prix,1982-06-13,
455,456,1983,6,Monaco Grand Prix,1983-05-15,
451,452,1983,36,Brazilian Grand Prix,1983-03-13,
452,453,1983,43,United States Grand Prix West,1983-03-27,
453,454,1983,34,French Grand Prix,1983-04-17,
454,455,1983,21,San Marino Grand Prix,1983-05-01,
457,458,1983,37,Detroit Grand Prix,1983-06-05,
456,457,1983,13,Belgian Grand Prix,1983-05-22,
459,460,1983,9,British Grand Prix,1983-07-16,
460,461,1983,10,German Grand Prix,1983-08-07,
461,462,1983,23,Austrian Grand Prix,1983-08-14,
462,463,1983,39,Dutch Grand Prix,1983-08-28,
463,464,1983,14,Italian Grand Prix,1983-09-11,
465,466,1983,30,South African Grand Prix,1983-10-15,
464,465,1983,38,European Grand Prix,1983-09-25,
458,459,1983,7,Canadian Grand Prix,1983-06-12,
437,438,1984,40,Belgian Grand Prix,1984-04-29,
435,436,1984,36,Brazilian Grand Prix,1984-03-25,
436,437,1984,30,South African Grand Prix,1984-04-07,
438,439,1984,21,San Marino Grand Prix,1984-05-06,
439,440,1984,41,French Grand Prix,1984-05-20,
440,441,1984,6,Monaco Grand Prix,1984-06-03,
441,442,1984,7,Canadian Grand Prix,1984-06-17,
442,443,1984,37,Detroit Grand Prix,1984-06-24,
443,444,1984,42,Dallas Grand Prix,1984-07-08,
444,445,1984,38,British Grand Prix,1984-07-22,
445,446,1984,10,German Grand Prix,1984-08-05,
446,447,1984,23,Austrian Grand Prix,1984-08-19,
447,448,1984,39,Dutch Grand Prix,1984-08-26,
448,449,1984,14,Italian Grand Prix,1984-09-09,
449,450,1984,20,European Grand Prix,1984-10-07,
450,451,1984,27,Portuguese Grand Prix,1984-10-21,
421,422,1985,21,San Marino Grand Prix,1985-05-05,
422,423,1985,6,Monaco Grand Prix,1985-05-19,
423,424,1985,7,Canadian Grand Prix,1985-06-16,
424,425,1985,37,Detroit Grand Prix,1985-06-23,
425,426,1985,34,French Grand Prix,1985-07-07,
426,427,1985,9,British Grand Prix,1985-07-21,
420,421,1985,27,Portuguese Grand Prix,1985-04-21,
428,429,1985,23,Austrian Grand Prix,1985-08-18,
429,430,1985,39,Dutch Grand Prix,1985-08-25,
430,431,1985,14,Italian Grand Prix,1985-09-08,
431,432,1985,13,Belgian Grand Prix,1985-09-15,
432,433,1985,38,European Grand Prix,1985-10-06,
433,434,1985,30,South African Grand Prix,1985-10-19,
434,435,1985,29,Australian Grand Prix,1985-11-03,
427,428,1985,20,German Grand Prix,1985-08-04,
419,420,1985,36,Brazilian Grand Prix,1985-04-07,
413,414,1986,11,Hungarian Grand Prix,1986-08-10,
417,418,1986,32,Mexican Grand Prix,1986-10-12,
418,419,1986,29,Australian Grand Prix,1986-10-26,
403,404,1986,36,Brazilian Grand Prix,1986-03-23,
404,405,1986,26,Spanish Grand Prix,1986-04-13,
405,406,1986,21,San Marino Grand Prix,1986-04-27,
407,408,1986,13,Belgian Grand Prix,1986-05-25,
408,409,1986,7,Canadian Grand Prix,1986-06-15,
406,407,1986,6,Monaco Grand Prix,1986-05-11,
410,411,1986,34,French Grand Prix,1986-07-06,
411,412,1986,38,British Grand Prix,1986-07-13,
412,413,1986,10,German Grand Prix,1986-07-27,
414,415,1986,23,Austrian Grand Prix,1986-08-17,
415,416,1986,14,Italian Grand Prix,1986-09-07,
416,417,1986,27,Portuguese Grand Prix,1986-09-21,
409,410,1986,37,Detroit Grand Prix,1986-06-22,
392,393,1987,34,French Grand Prix,1987-07-05,
387,388,1987,36,Brazilian Grand Prix,1987-04-12,
388,389,1987,21,San Marino Grand Prix,1987-05-03,
389,390,1987,13,Belgian Grand Prix,1987-05-17,
390,391,1987,6,Monaco Grand Prix,1987-05-31,
391,392,1987,37,Detroit Grand Prix,1987-06-21,
393,394,1987,9,British Grand Prix,1987-07-12,
401,402,1987,22,Japanese Grand Prix,1987-11-01,
395,396,1987,11,Hungarian Grand Prix,1987-08-09,
396,397,1987,23,Austrian Grand Prix,1987-08-16,
397,398,1987,14,Italian Grand Prix,1987-09-06,
398,399,1987,27,Portuguese Grand Prix,1987-09-20,
399,400,1987,26,Spanish Grand Prix,1987-09-27,
400,401,1987,32,Mexican Grand Prix,1987-10-18,
394,395,1987,10,German Grand Prix,1987-07-26,
402,403,1987,29,Australian Grand Prix,1987-11-15,
371,372,1988,36,Brazilian Grand Prix,1988-04-03,
373,374,1988,6,Monaco Grand Prix,1988-05-15,
374,375,1988,32,Mexican Grand Prix,1988-05-29,
375,376,1988,7,Canadian Grand Prix,1988-06-12,
376,377,1988,37,Detroit Grand Prix,1988-06-19,
377,378,1988,34,French Grand Prix,1988-07-03,
372,373,1988,21,San Marino Grand Prix,1988-05-01,
379,380,1988,10,German Grand Prix,1988-07-24,
378,379,1988,9,British Grand Prix,1988-07-10,
386,387,1988,29,Australian Grand Prix,1988-11-13,
385,386,1988,22,Japanese Grand Prix,1988-10-30,
383,384,1988,27,Portuguese Grand Prix,1988-09-25,
382,383,1988,14,Italian Grand Prix,1988-09-11,
381,382,1988,13,Belgian Grand Prix,1988-08-28,
380,381,1988,11,Hungarian Grand Prix,1988-08-07,
384,385,1988,26,Spanish Grand Prix,1988-10-02,
355,356,1989,36,Brazilian Grand Prix,1989-03-26,
356,357,1989,21,San Marino Grand Prix,1989-04-23,
357,358,1989,6,Monaco Grand Prix,1989-05-07,
358,359,1989,32,Mexican Grand Prix,1989-05-28,
359,360,1989,33,United States Grand Prix,1989-06-04,
360,361,1989,7,Canadian Grand Prix,1989-06-18,
361,362,1989,34,French Grand Prix,1989-07-09,
362,363,1989,9,British Grand Prix,1989-07-16,
365,366,1989,13,Belgian Grand Prix,1989-08-27,
366,367,1989,14,Italian Grand Prix,1989-09-10,
367,368,1989,27,Portuguese Grand Prix,1989-09-24,
368,369,1989,26,Spanish Grand Prix,1989-10-01,
369,370,1989,22,Japanese Grand Prix,1989-10-22,
370,371,1989,29,Australian Grand Prix,1989-11-05,
363,364,1989,10,German Grand Prix,1989-07-30,
364,365,1989,11,Hungarian Grand Prix,1989-08-13,
320,321,1990,33,United States Grand Prix,1990-03-11,
335,336,1990,29,Australian Grand Prix,1990-11-04,
334,335,1990,22,Japanese Grand Prix,1990-10-21,
322,323,1990,21,San Marino Grand Prix,1990-05-13,
321,322,1990,18,Brazilian Grand Prix,1990-03-25,
333,334,1990,26,Spanish Grand Prix,1990-09-30,
332,333,1990,27,Portuguese Grand Prix,1990-09-23,
330,331,1990,13,Belgian Grand Prix,1990-08-26,
329,330,1990,11,Hungarian Grand Prix,1990-08-12,
331,332,1990,14,Italian Grand Prix,1990-09-09,
327,328,1990,9,British Grand Prix,1990-07-15,
326,327,1990,34,French Grand Prix,1990-07-08,
325,326,1990,32,Mexican Grand Prix,1990-06-24,
324,325,1990,7,Canadian Grand Prix,1990-06-10,
323,324,1990,6,Monaco Grand Prix,1990-05-27,
328,329,1990,10,German Grand Prix,1990-07-29,
309,310,1991,32,Mexican Grand Prix,1991-06-16,
304,305,1991,33,United States Grand Prix,1991-03-10,
305,306,1991,18,Brazilian Grand Prix,1991-03-24,
306,307,1991,21,San Marino Grand Prix,1991-04-28,
307,308,1991,6,Monaco Grand Prix,1991-05-12,
308,309,1991,7,Canadian Grand Prix,1991-06-02,
310,311,1991,8,French Grand Prix,1991-07-07,
313,314,1991,11,Hungarian Grand Prix,1991-08-11,
312,313,1991,10,German Grand Prix,1991-07-28,
314,315,1991,13,Belgian Grand Prix,1991-08-25,
315,316,1991,14,Italian Grand Prix,1991-09-08,
316,317,1991,27,Portuguese Grand Prix,1991-09-22,
317,318,1991,4,Spanish Grand Prix,1991-09-29,
318,319,1991,22,Japanese Grand Prix,1991-10-20,
319,320,1991,29,Australian Grand Prix,1991-11-03,
311,312,1991,9,British Grand Prix,1991-07-14,
293,294,1992,6,Monaco Grand Prix,1992-05-31,
288,289,1992,30,South African Grand Prix,1992-03-01,
290,291,1992,18,Brazilian Grand Prix,1992-04-05,
291,292,1992,4,Spanish Grand Prix,1992-05-03,
292,293,1992,21,San Marino Grand Prix,1992-05-17,
294,295,1992,7,Canadian Grand Prix,1992-06-14,
289,290,1992,32,Mexican Grand Prix,1992-03-22,
296,297,1992,9,British Grand Prix,1992-07-12,
297,298,1992,10,German Grand Prix,1992-07-26,
298,299,1992,11,Hungarian Grand Prix,1992-08-16,
299,300,1992,13,Belgian Grand Prix,1992-08-30,
300,301,1992,14,Italian Grand Prix,1992-09-13,
301,302,1992,27,Portuguese Grand Prix,1992-09-27,
302,303,1992,22,Japanese Grand Prix,1992-10-25,
303,304,1992,29,Australian Grand Prix,1992-11-08,
295,296,1992,8,French Grand Prix,1992-07-05,
272,273,1993,30,South African Grand Prix,1993-03-14,
273,274,1993,18,Brazilian Grand Prix,1993-03-28,
274,275,1993,31,European Grand Prix,1993-04-11,
275,276,1993,21,San Marino Grand Prix,1993-04-25,
276,277,1993,4,Spanish Grand Prix,1993-05-09,
277,278,1993,6,Monaco Grand Prix,1993-05-23,
278,279,1993,7,Canadian Grand Prix,1993-06-13,
279,280,1993,8,French Grand Prix,1993-07-04,
280,281,1993,9,British Grand Prix,1993-07-11,
281,282,1993,10,German Grand Prix,1993-07-25,
282,283,1993,11,Hungarian Grand Prix,1993-08-15,
283,284,1993,13,Belgian Grand Prix,1993-08-29,
284,285,1993,14,Italian Grand Prix,1993-09-12,
285,286,1993,27,Portuguese Grand Prix,1993-09-26,
286,287,1993,22,Japanese Grand Prix,1993-10-24,
287,288,1993,29,Australian Grand Prix,1993-11-07,
256,257,1994,18,Brazilian Grand Prix,1994-03-27,
257,258,1994,28,Pacific Grand Prix,1994-04-17,
258,259,1994,21,San Marino Grand Prix,1994-05-01,
259,260,1994,6,Monaco Grand Prix,1994-05-15,
260,261,1994,4,Spanish Grand Prix,1994-05-29,
261,262,1994,7,Canadian Grand Prix,1994-06-12,
262,263,1994,8,French Grand Prix,1994-07-03,
271,272,1994,29,Australian Grand Prix,1994-11-13,
264,265,1994,10,German Grand Prix,1994-07-31,
265,266,1994,11,Hungarian Grand Prix,1994-08-14,
266,267,1994,13,Belgian Grand Prix,1994-08-28,
267,268,1994,14,Italian Grand Prix,1994-09-11,
268,269,1994,27,Portuguese Grand Prix,1994-09-25,
269,270,1994,26,European Grand Prix,1994-10-16,
270,271,1994,22,Japanese Grand Prix,1994-11-06,
263,264,1994,9,British Grand Prix,1994-07-10,
239,240,1995,18,Brazilian Grand Prix,1995-03-26,
240,241,1995,25,Argentine Grand Prix,1995-04-09,
241,242,1995,21,San Marino Grand Prix,1995-04-30,
242,243,1995,4,Spanish Grand Prix,1995-05-14,
243,244,1995,6,Monaco Grand Prix,1995-05-28,
244,245,1995,7,Canadian Grand Prix,1995-06-11,
246,247,1995,9,British Grand Prix,1995-07-16,
245,246,1995,8,French Grand Prix,1995-07-02,
248,249,1995,11,Hungarian Grand Prix,1995-08-13,
249,250,1995,13,Belgian Grand Prix,1995-08-27,
250,251,1995,14,Italian Grand Prix,1995-09-10,
251,252,1995,27,Portuguese Grand Prix,1995-09-24,
252,253,1995,20,European Grand Prix,1995-10-01,
253,254,1995,28,Pacific Grand Prix,1995-10-22,
254,255,1995,22,Japanese Grand Prix,1995-10-29,
247,248,1995,10,German Grand Prix,1995-07-30,
255,256,1995,29,Australian Grand Prix,1995-11-12,
223,224,1996,1,Australian Grand Prix,1996-03-10,
224,225,1996,18,Brazilian Grand Prix,1996-03-31,
225,226,1996,25,Argentine Grand Prix,1996-04-07,
226,227,1996,20,European Grand Prix,1996-04-28,
227,228,1996,21,San Marino Grand Prix,1996-05-05,
228,229,1996,6,Monaco Grand Prix,1996-05-19,
229,230,1996,4,Spanish Grand Prix,1996-06-02,
230,231,1996,7,Canadian Grand Prix,1996-06-16,
231,232,1996,8,French Grand Prix,1996-06-30,
232,233,1996,9,British Grand Prix,1996-07-14,
233,234,1996,10,German Grand Prix,1996-07-28,
234,235,1996,11,Hungarian Grand Prix,1996-08-11,
235,236,1996,13,Belgian Grand Prix,1996-08-25,
236,237,1996,14,Italian Grand Prix,1996-09-08,
237,238,1996,27,Portuguese Grand Prix,1996-09-22,
238,239,1996,22,Japanese Grand Prix,1996-10-13,
206,207,1997,1,Australian Grand Prix,1997-03-09,
207,208,1997,18,Brazilian Grand Prix,1997-03-30,
208,209,1997,25,Argentine Grand Prix,1997-04-13,
209,210,1997,21,San Marino Grand Prix,1997-04-27,
210,211,1997,6,Monaco Grand Prix,1997-05-11,
211,212,1997,4,Spanish Grand Prix,1997-05-25,
212,213,1997,7,Canadian Grand Prix,1997-06-15,
221,222,1997,22,Japanese Grand Prix,1997-10-12,
214,215,1997,9,British Grand Prix,1997-07-13,
215,216,1997,10,German Grand Prix,1997-07-27,
216,217,1997,11,Hungarian Grand Prix,1997-08-10,
217,218,1997,13,Belgian Grand Prix,1997-08-24,
218,219,1997,14,Italian Grand Prix,1997-09-07,
219,220,1997,23,Austrian Grand Prix,1997-09-21,
220,221,1997,20,Luxembourg Grand Prix,1997-09-28,
222,223,1997,26,European Grand Prix,1997-10-26,
213,214,1997,8,French Grand Prix,1997-06-29,
195,196,1998,6,Monaco Grand Prix,1998-05-24,
190,191,1998,1,Australian Grand Prix,1998-03-08,
191,192,1998,18,Brazilian Grand Prix,1998-03-29,
192,193,1998,25,Argentine Grand Prix,1998-04-12,
193,194,1998,21,San Marino Grand Prix,1998-04-26,
194,195,1998,4,Spanish Grand Prix,1998-05-10,
196,197,1998,7,Canadian Grand Prix,1998-06-07,
205,206,1998,22,Japanese Grand Prix,1998-11-01,
198,199,1998,9,British Grand Prix,1998-07-12,
199,200,1998,23,Austrian Grand Prix,1998-07-26,
200,201,1998,10,German Grand Prix,1998-08-02,
201,202,1998,11,Hungarian Grand Prix,1998-08-16,
202,203,1998,13,Belgian Grand Prix,1998-08-30,
203,204,1998,14,Italian Grand Prix,1998-09-13,
204,205,1998,20,Luxembourg Grand Prix,1998-09-27,
197,198,1998,8,French Grand Prix,1998-06-28,
174,175,1999,1,Australian Grand Prix,1999-03-07,
175,176,1999,18,Brazilian Grand Prix,1999-04-11,
176,177,1999,21,San Marino Grand Prix,1999-05-02,
177,178,1999,6,Monaco Grand Prix,1999-05-16,
178,179,1999,4,Spanish Grand Prix,1999-05-30,
179,180,1999,7,Canadian Grand Prix,1999-06-13,
180,181,1999,8,French Grand Prix,1999-06-27,
182,183,1999,23,Austrian Grand Prix,1999-07-25,
183,184,1999,10,German Grand Prix,1999-08-01,
184,185,1999,11,Hungarian Grand Prix,1999-08-15,
185,186,1999,13,Belgian Grand Prix,1999-08-29,
186,187,1999,14,Italian Grand Prix,1999-09-12,
187,188,1999,20,European Grand Prix,1999-09-26,
188,189,1999,2,Malaysian Grand Prix,1999-10-17,
189,190,1999,22,Japanese Grand Prix,1999-10-31,
181,182,1999,9,British Grand Prix,1999-07-11,
162,163,2000,20,European Grand Prix,2000-05-21,
157,158,2000,1,Australian Grand Prix,2000-03-12,
158,159,2000,18,Brazilian Grand Prix,2000-03-26,
159,160,2000,21,San Marino Grand Prix,2000-04-09,
160,161,2000,9,British Grand Prix,2000-04-23,
161,162,2000,4,Spanish Grand Prix,2000-05-07,
163,164,2000,6,Monaco Grand Prix,2000-06-04,
173,174,2000,2,Malaysian Grand Prix,2000-10-22,
165,166,2000,8,French Grand Prix,2000-07-02,
164,165,2000,7,Canadian Grand Prix,2000-06-18,
171,172,2000,19,United States Grand Prix,2000-09-24,
170,171,2000,14,Italian Grand Prix,2000-09-10,
172,173,2000,22,Japanese Grand Prix,2000-10-08,
168,169,2000,11,Hungarian Grand Prix,2000-08-13,
167,168,2000,10,German Grand Prix,2000-07-30,
166,167,2000,23,Austrian Grand Prix,2000-07-16,
169,170,2000,13,Belgian Grand Prix,2000-08-27,
140,141,2001,1,Australian Grand Prix,2001-03-04,
141,142,2001,2,Malaysian Grand Prix,2001-03-18,
142,143,2001,18,Brazilian Grand Prix,2001-04-01,
143,144,2001,21,San Marino Grand Prix,2001-04-15,
144,145,2001,4,Spanish Grand Prix,2001-04-29,
146,147,2001,6,Monaco Grand Prix,2001-05-27,
145,146,2001,23,Austrian Grand Prix,2001-05-13,
156,157,2001,22,Japanese Grand Prix,2001-10-14,
148,149,2001,20,European Grand Prix,2001-06-24,
155,156,2001,19,United States Grand Prix,2001-09-30,
154,155,2001,14,Italian Grand Prix,2001-09-16,
153,154,2001,13,Belgian Grand Prix,2001-09-02,
147,148,2001,7,Canadian Grand Prix,2001-06-10,
151,152,2001,10,German Grand Prix,2001-07-29,
150,151,2001,9,British Grand Prix,2001-07-15,
149,150,2001,8,French Grand Prix,2001-07-01,
152,153,2001,11,Hungarian Grand Prix,2001-08-19,
123,124,2002,1,Australian Grand Prix,2002-03-03,
124,125,2002,2,Malaysian Grand Prix,2002-03-17,
125,126,2002,18,Brazilian Grand Prix,2002-03-31,
126,127,2002,21,San Marino Grand Prix,2002-04-14,
127,128,2002,4,Spanish Grand Prix,2002-04-28,
128,129,2002,23,Austrian Grand Prix,2002-05-12,
129,130,2002,6,Monaco Grand Prix,2002-05-26,
130,131,2002,7,Canadian Grand Prix,2002-06-09,
132,133,2002,9,British Grand Prix,2002-07-07,
133,134,2002,8,French Grand Prix,2002-07-21,
134,135,2002,10,German Grand Prix,2002-07-28,
135,136,2002,11,Hungarian Grand Prix,2002-08-18,
136,137,2002,13,Belgian Grand Prix,2002-09-01,
137,138,2002,14,Italian Grand Prix,2002-09-15,
138,139,2002,19,United States Grand Prix,2002-09-29,
139,140,2002,22,Japanese Grand Prix,2002-10-13,
131,132,2002,20,European Grand Prix,2002-06-23,
107,108,2003,1,Australian Grand Prix,2003-03-09,
108,109,2003,2,Malaysian Grand Prix,2003-03-23,
109,110,2003,18,Brazilian Grand Prix,2003-04-06,
110,111,2003,21,San Marino Grand Prix,2003-04-20,
111,112,2003,4,Spanish Grand Prix,2003-05-04,
112,113,2003,23,Austrian Grand Prix,2003-05-18,
113,114,2003,6,Monaco Grand Prix,2003-06-01,
114,115,2003,7,Canadian Grand Prix,2003-06-15,
115,116,2003,20,European Grand Prix,2003-06-29,
116,117,2003,8,French Grand Prix,2003-07-06,
117,118,2003,9,British Grand Prix,2003-07-20,
118,119,2003,10,German Grand Prix,2003-08-03,
119,120,2003,11,Hungarian Grand Prix,2003-08-24,
120,121,2003,14,Italian Grand Prix,2003-09-14,
121,122,2003,19,United States Grand Prix,2003-09-28,
122,123,2003,22,Japanese Grand Prix,2003-10-12,
90,91,2004,2,Malaysian Grand Prix,2004-03-21,
91,92,2004,3,Bahrain Grand Prix,2004-04-04,
92,93,2004,21,San Marino Grand Prix,2004-04-25,
93,94,2004,4,Spanish Grand Prix,2004-05-09,
94,95,2004,6,Monaco Grand Prix,2004-05-23,
95,96,2004,20,European Grand Prix,2004-05-30,
96,97,2004,7,Canadian Grand Prix,2004-06-13,
89,90,2004,1,Australian Grand Prix,2004-03-07,
98,99,2004,8,French Grand Prix,2004-07-04,
106,107,2004,18,Brazilian Grand Prix,2004-10-24,
105,106,2004,22,Japanese Grand Prix,2004-10-10,
104,105,2004,17,Chinese Grand Prix,2004-09-26,
103,104,2004,14,Italian Grand Prix,2004-09-12,
97,98,2004,19,United States Grand Prix,2004-06-20,
101,102,2004,11,Hungarian Grand Prix,2004-08-15,
100,101,2004,10,German Grand Prix,2004-07-25,
99,100,2004,9,British Grand Prix,2004-07-11,
102,103,2004,13,Belgian Grand Prix,2004-08-29,
77,78,2005,7,Canadian Grand Prix,2005-06-12,13:00:00
70,71,2005,1,Australian Grand Prix,2005-03-06,14:00:00
71,72,2005,2,Malaysian Grand Prix,2005-03-20,15:00:00
73,74,2005,21,San Marino Grand Prix,2005-04-24,14:00:00
74,75,2005,4,Spanish Grand Prix,2005-05-08,14:00:00
75,76,2005,6,Monaco Grand Prix,2005-05-22,14:00:00
76,77,2005,20,European Grand Prix,2005-05-29,14:00:00
78,79,2005,19,United States Grand Prix,2005-06-19,14:00:00
72,73,2005,3,Bahrain Grand Prix,2005-04-03,14:30:00
80,81,2005,9,British Grand Prix,2005-07-10,14:00:00
88,89,2005,17,Chinese Grand Prix,2005-10-16,14:00:00
87,88,2005,22,Japanese Grand Prix,2005-10-09,14:00:00
86,87,2005,18,Brazilian Grand Prix,2005-09-25,14:00:00
85,86,2005,13,Belgian Grand Prix,2005-09-11,14:00:00
79,80,2005,8,French Grand Prix,2005-07-03,14:00:00
83,84,2005,5,Turkish Grand Prix,2005-08-21,15:00:00
82,83,2005,11,Hungarian Grand Prix,2005-07-31,14:00:00
81,82,2005,10,German Grand Prix,2005-07-24,14:00:00
84,85,2005,14,Italian Grand Prix,2005-09-04,14:00:00
58,59,2006,6,Monaco Grand Prix,2006-05-28,14:00:00
52,53,2006,3,Bahrain Grand Prix,2006-03-12,14:30:00
53,54,2006,2,Malaysian Grand Prix,2006-03-19,15:00:00
54,55,2006,1,Australian Grand Prix,2006-04-02,14:00:00
55,56,2006,21,San Marino Grand Prix,2006-04-23,14:00:00
57,58,2006,4,Spanish Grand Prix,2006-05-14,14:00:00
59,60,2006,9,British Grand Prix,2006-06-11,12:00:00
56,57,2006,20,European Grand Prix,2006-05-07,14:00:00
61,62,2006,19,United States Grand Prix,2006-07-02,14:00:00
62,63,2006,8,French Grand Prix,2006-07-16,14:00:00
63,64,2006,10,German Grand Prix,2006-07-30,14:00:00
64,65,2006,11,Hungarian Grand Prix,2006-08-06,14:00:00
65,66,2006,5,Turkish Grand Prix,2006-08-27,15:00:00
66,67,2006,14,Italian Grand Prix,2006-09-10,14:00:00
67,68,2006,17,Chinese Grand Prix,2006-10-01,14:00:00
68,69,2006,22,Japanese Grand Prix,2006-10-08,14:00:00
69,70,2006,18,Brazilian Grand Prix,2006-10-22,14:00:00
60,61,2006,7,Canadian Grand Prix,2006-06-25,13:00:00
40,41,2007,7,Canadian Grand Prix,2007-06-10,17:00:00
39,40,2007,6,Monaco Grand Prix,2007-05-27,12:00:00
35,36,2007,1,Australian Grand Prix,2007-03-18,03:00:00
36,37,2007,2,Malaysian Grand Prix,2007-04-08,07:00:00
41,42,2007,19,United States Grand Prix,2007-06-17,17:00:00
38,39,2007,4,Spanish Grand Prix,2007-05-13,12:00:00
42,43,2007,8,French Grand Prix,2007-07-01,12:00:00
37,38,2007,3,Bahrain Grand Prix,2007-04-15,11:30:00
44,45,2007,20,European Grand Prix,2007-07-22,12:00:00
43,44,2007,9,British Grand Prix,2007-07-08,12:00:00
51,52,2007,18,Brazilian Grand Prix,2007-10-21,16:00:00
50,51,2007,17,Chinese Grand Prix,2007-10-07,06:00:00
46,47,2007,5,Turkish Grand Prix,2007-08-26,12:00:00
48,49,2007,13,Belgian Grand Prix,2007-09-16,12:00:00
47,48,2007,14,Italian Grand Prix,2007-09-09,12:00:00
45,46,2007,11,Hungarian Grand Prix,2007-08-05,12:00:00
49,50,2007,16,Japanese Grand Prix,2007-09-30,04:30:00
17,18,2008,1,Australian Grand Prix,2008-03-16,04:30:00
18,19,2008,2,Malaysian Grand Prix,2008-03-23,07:00:00
19,20,2008,3,Bahrain Grand Prix,2008-04-06,11:30:00
20,21,2008,4,Spanish Grand Prix,2008-04-27,12:00:00
21,22,2008,5,Turkish Grand Prix,2008-05-11,12:00:00
22,23,2008,6,Monaco Grand Prix,2008-05-25,12:00:00
23,24,2008,7,Canadian Grand Prix,2008-06-08,17:00:00
24,25,2008,8,French Grand Prix,2008-06-22,12:00:00
26,27,2008,10,German Grand Prix,2008-07-20,12:00:00
27,28,2008,11,Hungarian Grand Prix,2008-08-03,12:00:00
29,30,2008,13,Belgian Grand Prix,2008-09-07,12:00:00
30,31,2008,14,Italian Grand Prix,2008-09-14,12:00:00
31,32,2008,15,Singapore Grand Prix,2008-09-28,12:00:00
32,33,2008,16,Japanese Grand Prix,2008-10-12,04:30:00
33,34,2008,17,Chinese Grand Prix,2008-10-19,07:00:00
34,35,2008,18,Brazilian Grand Prix,2008-11-02,17:00:00
25,26,2008,9,British Grand Prix,2008-07-06,12:00:00
28,29,2008,12,European Grand Prix,2008-08-24,12:00:00
0,1,2009,1,Australian Grand Prix,2009-03-29,06:00:00
14,15,2009,22,Japanese Grand Prix,2009-10-04,05:00:00
15,16,2009,18,Brazilian Grand Prix,2009-10-18,16:00:00
13,14,2009,15,Singapore Grand Prix,2009-09-27,12:00:00
12,13,2009,14,Italian Grand Prix,2009-09-13,12:00:00
11,12,2009,13,Belgian Grand Prix,2009-08-30,12:00:00
10,11,2009,12,European Grand Prix,2009-08-23,12:00:00
9,10,2009,11,Hungarian Grand Prix,2009-07-26,12:00:00
16,17,2009,24,Abu Dhabi Grand Prix,2009-11-01,11:00:00
8,9,2009,20,German Grand Prix,2009-07-12,12:00:00
6,7,2009,5,Turkish Grand Prix,2009-06-07,12:00:00
5,6,2009,6,Monaco Grand Prix,2009-05-24,12:00:00
4,5,2009,4,Spanish Grand Prix,2009-05-10,12:00:00
3,4,2009,3,Bahrain Grand Prix,2009-04-26,12:00:00
2,3,2009,17,Chinese Grand Prix,2009-04-19,07:00:00
1,2,2009,2,Malaysian Grand Prix,2009-04-05,09:00:00
7,8,2009,9,British Grand Prix,2009-06-21,12:00:00
336,337,2010,3,Bahrain Grand Prix,2010-03-14,12:00:00
354,355,2010,24,Abu Dhabi Grand Prix,2010-11-14,13:00:00
338,339,2010,2,Malaysian Grand Prix,2010-04-04,08:00:00
353,354,2010,18,Brazilian Grand Prix,2010-11-07,16:00:00
352,353,2010,35,Korean Grand Prix,2010-10-24,05:00:00
351,352,2010,22,Japanese Grand Prix,2010-10-10,06:00:00
350,351,2010,15,Singapore Grand Prix,2010-09-26,12:00:00
337,338,2010,1,Australian Grand Prix,2010-03-28,06:00:00
348,349,2010,13,Belgian Grand Prix,2010-08-29,12:00:00
347,348,2010,11,Hungarian Grand Prix,2010-08-01,12:00:00
346,347,2010,10,German Grand Prix,2010-07-25,12:00:00
349,350,2010,14,Italian Grand Prix,2010-09-12,12:00:00
344,345,2010,12,European Grand Prix,2010-06-27,12:00:00
343,344,2010,7,Canadian Grand Prix,2010-06-13,16:00:00
342,343,2010,5,Turkish Grand Prix,2010-05-30,11:00:00
341,342,2010,6,Monaco Grand Prix,2010-05-16,12:00:00
340,341,2010,4,Spanish Grand Prix,2010-05-09,12:00:00
339,340,2010,17,Chinese Grand Prix,2010-04-18,06:00:00
345,346,2010,9,British Grand Prix,2010-07-11,12:00:00
849,851,2011,11,Hungarian Grand Prix,2011-07-31,12:00:00
857,859,2011,18,Brazilian Grand Prix,2011-11-27,16:00:00
856,858,2011,24,Abu Dhabi Grand Prix,2011-11-13,13:00:00
855,857,2011,68,Indian Grand Prix,2011-10-30,09:30:00
853,855,2011,22,Japanese Grand Prix,2011-10-09,06:00:00
852,854,2011,15,Singapore Grand Prix,2011-09-25,12:00:00
851,853,2011,14,Italian Grand Prix,2011-09-11,12:00:00
850,852,2011,13,Belgian Grand Prix,2011-08-28,12:00:00
848,850,2011,20,German Grand Prix,2011-07-24,12:00:00
854,856,2011,35,Korean Grand Prix,2011-10-16,06:00:00
846,848,2011,12,European Grand Prix,2011-06-26,12:00:00
840,842,2011,2,Malaysian Grand Prix,2011-04-10,08:00:00
841,843,2011,17,Chinese Grand Prix,2011-04-17,07:00:00
847,849,2011,9,British Grand Prix,2011-07-10,12:00:00
839,841,2011,1,Australian Grand Prix,2011-03-27,06:00:00
843,845,2011,4,Spanish Grand Prix,2011-05-22,12:00:00
844,846,2011,6,Monaco Grand Prix,2011-05-29,12:00:00
845,847,2011,7,Canadian Grand Prix,2011-06-12,17:00:00
842,844,2011,5,Turkish Grand Prix,2011-05-08,12:00:00
869,871,2012,13,Belgian Grand Prix,2012-09-02,12:00:00
876,878,2012,69,United States Grand Prix,2012-11-18,19:00:00
875,877,2012,24,Abu Dhabi Grand Prix,2012-11-04,13:00:00
874,876,2012,68,Indian Grand Prix,2012-10-28,09:30:00
873,875,2012,35,Korean Grand Prix,2012-10-14,06:00:00
872,874,2012,22,Japanese Grand Prix,2012-10-07,06:00:00
871,873,2012,15,Singapore Grand Prix,2012-09-23,12:00:00
870,872,2012,14,Italian Grand Prix,2012-09-09,12:00:00
868,870,2012,11,Hungarian Grand Prix,2012-07-29,12:00:00
877,879,2012,18,Brazilian Grand Prix,2012-11-25,16:00:00
866,868,2012,9,British Grand Prix,2012-07-08,12:00:00
858,860,2012,1,Australian Grand Prix,2012-03-18,06:00:00
859,861,2012,2,Malaysian Grand Prix,2012-03-25,08:00:00
860,862,2012,17,Chinese Grand Prix,2012-04-15,07:00:00
861,863,2012,3,Bahrain Grand Prix,2012-04-22,12:00:00
867,869,2012,10,German Grand Prix,2012-07-22,12:00:00
863,865,2012,6,Monaco Grand Prix,2012-05-27,12:00:00
864,866,2012,7,Canadian Grand Prix,2012-06-10,18:00:00
865,867,2012,12,European Grand Prix,2012-06-24,12:00:00
862,864,2012,4,Spanish Grand Prix,2012-05-13,12:00:00
888,891,2013,13,Belgian Grand Prix,2013-08-25,12:00:00
895,898,2013,69,United States Grand Prix,2013-11-17,19:00:00
894,897,2013,24,Abu Dhabi Grand Prix,2013-11-03,13:00:00
893,896,2013,68,Indian Grand Prix,2013-10-27,09:30:00
892,895,2013,22,Japanese Grand Prix,2013-10-13,06:00:00
891,894,2013,35,Korean Grand Prix,2013-10-06,06:00:00
890,893,2013,15,Singapore Grand Prix,2013-09-22,12:00:00
889,892,2013,14,Italian Grand Prix,2013-09-08,12:00:00
896,899,2013,18,Brazilian Grand Prix,2013-11-24,16:00:00
886,888,2013,20,German Grand Prix,2013-07-07,12:00:00
885,887,2013,9,British Grand Prix,2013-06-30,12:00:00
884,886,2013,7,Canadian Grand Prix,2013-06-09,18:00:00
883,885,2013,6,Monaco Grand Prix,2013-05-26,12:00:00
882,884,2013,4,Spanish Grand Prix,2013-05-12,12:00:00
881,883,2013,3,Bahrain Grand Prix,2013-04-21,12:00:00
880,882,2013,17,Chinese Grand Prix,2013-04-14,07:00:00
879,881,2013,2,Malaysian Grand Prix,2013-03-24,08:00:00
878,880,2013,1,Australian Grand Prix,2013-03-17,06:00:00
887,890,2013,11,Hungarian Grand Prix,2013-07-28,12:00:00
909,912,2014,14,Italian Grand Prix,2014-09-07,12:00:00
910,913,2014,15,Singapore Grand Prix,2014-09-21,12:00:00
911,914,2014,22,Japanese Grand Prix,2014-10-05,06:00:00
908,911,2014,13,Belgian Grand Prix,2014-08-24,12:00:00
913,916,2014,69,United States Grand Prix,2014-11-02,20:00:00
914,917,2014,18,Brazilian Grand Prix,2014-11-09,16:00:00
915,918,2014,24,Abu Dhabi Grand Prix,2014-11-23,13:00:00
912,915,2014,71,Russian Grand Prix,2014-10-12,11:00:00
907,910,2014,11,Hungarian Grand Prix,2014-07-27,12:00:00
900,903,2014,17,Chinese Grand Prix,2014-04-20,07:00:00
905,908,2014,9,British Grand Prix,2014-07-06,12:00:00
898,901,2014,2,Malaysian Grand Prix,2014-03-30,08:00:00
899,902,2014,3,Bahrain Grand Prix,2014-04-06,15:00:00
906,909,2014,10,German Grand Prix,2014-07-20,12:00:00
897,900,2014,1,Australian Grand Prix,2014-03-16,06:00:00
902,905,2014,6,Monaco Grand Prix,2014-05-25,12:00:00
903,906,2014,7,Canadian Grand Prix,2014-06-08,18:00:00
904,907,2014,70,Austrian Grand Prix,2014-06-22,12:00:00
901,904,2014,4,Spanish Grand Prix,2014-05-11,12:00:00
927,938,2015,14,Italian Grand Prix,2015-09-06,12:00:00
934,945,2015,24,Abu Dhabi Grand Prix,2015-11-29,13:00:00
933,944,2015,18,Brazilian Grand Prix,2015-11-15,16:00:00
932,943,2015,32,Mexican Grand Prix,2015-11-01,19:00:00
931,942,2015,69,United States Grand Prix,2015-10-25,19:00:00
930,941,2015,71,Russian Grand Prix,2015-10-11,11:00:00
929,940,2015,22,Japanese Grand Prix,2015-09-27,05:00:00
928,939,2015,15,Singapore Grand Prix,2015-09-20,12:00:00
926,937,2015,13,Belgian Grand Prix,2015-08-23,12:00:00
925,936,2015,11,Hungarian Grand Prix,2015-07-26,12:00:00
924,934,2015,9,British Grand Prix,2015-07-05,12:00:00
923,933,2015,70,Austrian Grand Prix,2015-06-21,12:00:00
922,927,2015,2,Malaysian Grand Prix,2015-03-29,07:00:00
921,926,2015,1,Australian Grand Prix,2015-03-15,05:00:00
920,928,2015,17,Chinese Grand Prix,2015-04-12,06:00:00
919,930,2015,4,Spanish Grand Prix,2015-05-10,12:00:00
918,929,2015,3,Bahrain Grand Prix,2015-04-19,15:00:00
917,932,2015,7,Canadian Grand Prix,2015-06-07,18:00:00
916,931,2015,6,Monaco Grand Prix,2015-05-24,12:00:00
947,960,2016,13,Belgian Grand Prix,2016-08-28,12:00:00
948,961,2016,14,Italian Grand Prix,2016-09-04,12:00:00
949,962,2016,15,Singapore Grand Prix,2016-09-18,12:00:00
950,963,2016,2,Malaysian Grand Prix,2016-10-02,07:00:00
954,967,2016,18,Brazilian Grand Prix,2016-11-13,16:00:00
952,965,2016,69,United States Grand Prix,2016-10-23,19:00:00
953,966,2016,32,Mexican Grand Prix,2016-10-30,19:00:00
946,959,2016,10,German Grand Prix,2016-07-31,12:00:00
955,968,2016,24,Abu Dhabi Grand Prix,2016-11-27,13:00:00
945,958,2016,11,Hungarian Grand Prix,2016-07-24,12:00:00
951,964,2016,22,Japanese Grand Prix,2016-10-09,05:00:00
943,956,2016,70,Austrian Grand Prix,2016-07-03,12:00:00
942,955,2016,73,European Grand Prix,2016-06-19,13:00:00
941,954,2016,7,Canadian Grand Prix,2016-06-12,18:00:00
940,953,2016,6,Monaco Grand Prix,2016-05-29,12:00:00
939,952,2016,4,Spanish Grand Prix,2016-05-15,12:00:00
938,951,2016,71,Russian Grand Prix,2016-05-01,12:00:00
937,950,2016,17,Chinese Grand Prix,2016-04-17,06:00:00
936,949,2016,3,Bahrain Grand Prix,2016-04-03,15:00:00
935,948,2016,1,Australian Grand Prix,2016-03-20,05:00:00
944,957,2016,9,British Grand Prix,2016-07-10,12:00:00
968,981,2017,14,Italian Grand Prix,2017-09-03,12:00:00
969,982,2017,15,Singapore Grand Prix,2017-09-17,12:00:00
970,983,2017,2,Malaysian Grand Prix,2017-10-01,07:00:00
975,988,2017,24,Abu Dhabi Grand Prix,2017-11-26,13:00:00
973,986,2017,32,Mexican Grand Prix,2017-10-29,19:00:00
974,987,2017,18,Brazilian Grand Prix,2017-11-12,16:00:00
967,980,2017,13,Belgian Grand Prix,2017-08-27,12:00:00
972,985,2017,69,United States Grand Prix,2017-10-22,19:00:00
966,979,2017,11,Hungarian Grand Prix,2017-07-30,12:00:00
971,984,2017,22,Japanese Grand Prix,2017-10-08,05:00:00
964,977,2017,70,Austrian Grand Prix,2017-07-09,12:00:00
963,976,2017,73,Azerbaijan Grand Prix,2017-06-25,13:00:00
962,975,2017,7,Canadian Grand Prix,2017-06-11,18:00:00
961,974,2017,6,Monaco Grand Prix,2017-05-28,12:00:00
960,973,2017,4,Spanish Grand Prix,2017-05-14,12:00:00
959,972,2017,71,Russian Grand Prix,2017-04-30,12:00:00
958,971,2017,3,Bahrain Grand Prix,2017-04-16,15:00:00
957,970,2017,17,Chinese Grand Prix,2017-04-09,06:00:00
956,969,2017,1,Australian Grand Prix,2017-03-26,05:00:00
965,978,2017,9,British Grand Prix,2017-07-16,12:00:00
988,1001,2018,13,Belgian Grand Prix,2018-08-26,12:00:00
989,1002,2018,14,Italian Grand Prix,2018-09-02,12:00:00
990,1003,2018,15,Singapore Grand Prix,2018-09-16,12:00:00
994,1007,2018,32,Mexican Grand Prix,2018-10-28,19:00:00
992,1005,2018,22,Japanese Grand Prix,2018-10-07,05:00:00
993,1006,2018,69,United States Grand Prix,2018-10-21,19:00:00
987,1000,2018,11,Hungarian Grand Prix,2018-07-29,12:00:00
991,1004,2018,71,Russian Grand Prix,2018-09-30,12:00:00
986,999,2018,10,German Grand Prix,2018-07-22,12:00:00
981,994,2018,6,Monaco Grand Prix,2018-05-27,12:00:00
984,997,2018,70,Austrian Grand Prix,2018-07-01,12:00:00
983,996,2018,34,French Grand Prix,2018-06-24,12:00:00
982,995,2018,7,Canadian Grand Prix,2018-06-10,18:00:00
980,993,2018,4,Spanish Grand Prix,2018-05-13,12:00:00
979,992,2018,73,Azerbaijan Grand Prix,2018-04-29,13:00:00
978,991,2018,17,Chinese Grand Prix,2018-05-15,06:00:00
977,990,2018,3,Bahrain Grand Prix,2018-04-08,15:00:00
976,989,2018,1,Australian Grand Prix,2018-03-25,05:00:00
995,1008,2018,18,Brazilian Grand Prix,2018-11-11,16:00:00
985,998,2018,9,British Grand Prix,2018-07-08,12:00:00
996,1009,2018,24,Abu Dhabi Grand Prix,2018-11-25,13:00:00
